"task_id","row_key","prompt","answer","reference_answer","sources","correctness_score","groundedness_score","legal_reasoning_score","completeness_score","comprehension_score","hallucination_flag","grounding_citations","comments"
"1","a456ada1e6a787c3","Setzt die Zuzugsbegünstigung nach den Richtlinien neben einem Zuzug aus dem Ausland auch die Verlagerung des Mittelpunktes der Lebensinteressen nach Österreich voraus?","Die Zuzugsbegünstigung nach den Richtlinien setzt nicht nur einen Zuzug aus dem Ausland, sondern auch eine Verlagerung des Mittelpunktes der Lebensinteressen nach Österreich voraus. Dies ergibt sich aus dem Kontext der Entwicklungshilfe und der damit verbundenen Vorhaben, die dem Dreijahresprogramm der österreichischen Entwicklungspolitik entsprechen.","Ja, so EStR 2000 Rz 8201a. Nach den Richtlinien knüpft die Zuzugsbegünstigung an den Zuzug aus dem Ausland an. Neben der Begründung eines inländischen Wohnsitzes setzt sie auch die Verlagerung des Mittelpunktes der Lebensinteressen nach Österreich voraus.","EStR 2000 Rz 8201a","4","2","2","3","4","1","[EStR 2000 Rz 8201a] Die Zuzugsbegünstigung nach § 103 Abs. 1 und Abs. 1a EStG 1988 knüpft an den Zuzug aus dem Ausland an. Neben der Begründung eines inländischen Wohnsitzes ist auch die Verlagerung des Mittelpunktes der Lebensinteressen nach Österreich erforderlich.","Das Ergebnis stimmt, aber die Begründung driftet in eine nicht gedeckte Entwicklungshilfe-Argumentation ab. Der zentrale Richtlinienpunkt wird nur behauptet, nicht sauber aus der Quelle hergeleitet."
"2","a4d835ff04f6fa53","Nein. Das kostenlose Aufladen eines privatem E-Autos beim Arbeitgeber ist gemäß § 4c SachbezugsVO ausdrücklich mit einem Sachbezugswert von Null anzusetzen und daher steuerfrei.","Benutzerfrage: Nein. Das kostenlose Aufladen eines privatem E-Autos beim Arbeitgeber ist gemäß § 4c SachbezugsVO ausdrücklich mit einem Sachbezugswert von Null anzusetzen und daher steuerfrei. Antwort: Die Auskunftsperson hat den Sachbezugswert als ""null"" bezeichnet. Sie hat sich nicht veranlasst, einen Sachbezug in der Regel zu erwähnen.","Nein. Das kostenlose Aufladen eines privatem E-Autos beim Arbeitgeber ist gemäß § 4c SachbezugsVO ausdrücklich mit einem Sachbezugswert von Null anzusetzen und daher steuerfrei.","§ 4c SachbezugsVO","2","2","1","2","2","0","[SachbezugsVO § 4c Abs. 1 Z 1] Für das unentgeltliche Aufladen dieses Kraftfahrzeuges beim Arbeitgeber ist ein Sachbezugswert von Null anzusetzen.","Die Antwort übernimmt im Kern die Aussage zum Sachbezugswert von null, bleibt aber sprachlich sehr wirr. Ein sauberer Normbezug und eine eigenständige Begründung fehlen weitgehend."
"3","a4f7cad0c12511f8","Ein Käufer und ein Verkäufer unterzeichnen am 15. März 2025 einen Kaufvertrag über ein Grundstück. Der Vertrag enthält jedoch die aufschiebende Bedingung, dass der Käufer bis 30. Juni 2025 eine Baugenehmigung für sein geplantes Projekt erhält. Die Baugenehmigung wird am 20. Mai 2025 erteilt. Wann entsteht die Grunderwerbsteuerschuld?","Da die Erfüllung der aufschiebenden Bedingung (Baugenehmigung) vor dem Ende der Frist (30. Juni 2025) eingetreten ist, entsteht die Grunderwerbsteuerschuld mit dem Zeitpunkt der Unterzeichnung des Kaufvertrags (15. März 2025) gemäß § 8 Abs. 1 GrEStG. Die Steuer ist vom Notar oder dem Rechtsanwalt beim Abschluss des Kaufvertrags einzubehalten.","Die Steuerschuld entsteht am 20. Mai 2025. Gemäß § 8 Abs. 2 GrEStG entsteht die Steuerschuld bei einem Erwerbsvorgang, dessen Wirksamkeit vom Eintritt einer Bedingung abhängig ist, mit dem Eintritt der Bedingung. Da der Kaufvertrag unter der aufschiebenden Bedingung der Baugenehmigung stand und diese am 20. Mai 2025 erteilt wurde, entsteht zu diesem Zeitpunkt die Steuerschuld - nicht bereits bei Vertragsunterzeichnung am 15. März 2025.","§ 8 Abs. 2 GrEStG 1987","1","1","1","2","4","1","[GrEStG § 8 Abs. 2] Ist die Wirksamkeit des Erwerbsvorganges vom Eintritt einer Bedingung oder von der Genehmigung einer Behörde abhängig, so entsteht die Steuerschuld mit dem Eintritt der Bedingung oder mit der Genehmigung.","Die rechtliche Grundidee mit der Bedingung wird erkannt, aber das Ergebnis ist falsch. Maßgeblich ist der Eintritt der Bedingung am 20. Mai, nicht die Vertragsunterzeichnung; zusätzlich wird eine nicht belegte Notarregel eingeführt."
"4","a4fdf97e3bcff2cf","Ein in Ungarn wohnender Arbeitnehmer übernachtet von Montag bis Donnerstag regelmäßig am österreichischen Arbeitsort und fährt nur am Wochenende heim. Kann dadurch ein gewöhnlicher Aufenthalt in Österreich entstehen?","Ja, wenn der Arbeitnehmer regelmäßig in Österreich arbeitet und dort übernachtet, kann es zu einem gewöhnlichen Aufenthalt in Österreich kommen, unabhängig von der Tatsache, dass er in Ungarn wohnt.

Für die Bestimmung des gewöhnlichen Aufenthalts ist die Dauer der Tätigkeit in Österreich, nicht die Wohnsitzlage des Arbeitnehmers, maßgeblich.

In diesem Fall kann die Rechtsnorm des Abgaberechts (z.B. § 2 Abs 11 EStG) oder des Steuerabkommens zwischen Österreich und Ungarn (if applicable) Anwendung finden.","Ja. Wer an den Arbeitstagen am Arbeitsort übernachtet, begründet nach EStR 2000 Rz 24 dadurch einen inländischen Aufenthalt. Dauert dieser länger als sechs Monate an, tritt unbeschränkte Steuerpflicht kraft gewöhnlichen Aufenthalts nach EStR 2000 Rz 23 ein.","EStR 2000 Rz 23;EStR 2000 Rz 24","3","2","2","2","4","1","[EStR 2000 Rz 23] Eine natürliche Person kann zwar mehrere Wohnsitze haben, jedoch nur einen gewöhnlichen Aufenthalt. Dieser verlangt die körperliche Anwesenheit unter Umständen, die erkennen lassen, dass sie nicht nur vorübergehend verweilt.
[EStR 2000 Rz 24] Übernachtet ein Arbeitnehmer an den Arbeitstagen am Arbeitsort, begründet er dort einen inländischen Aufenthalt; dauert dieser länger als sechs Monate, tritt unbeschränkte Steuerpflicht kraft gewöhnlichen Aufenthalts ein.","Die Richtung stimmt, weil regelmäßiges Übernachten in Österreich relevant ist. Die Sechsmonatsgrenze fehlt aber, und der Verweis auf § 2 Abs. 11 EStG ist nicht tragfähig."
"5","a4feb4451a1c980b","Welche körperschaftsspezifischen Aufwendungen gelten nach § 11 KStG als Betriebsausgaben?","2.7. Abgleichsfähige Aufwendungen ( 11 KStG) Neben den nach den Gewinnermittlu ngsvorschriften des EStG abzugsfähigen Betriebsausgaben sind","Aufwendungen im Zusammenhang mit Einlagen nach § 8 Abs. 1 KStG (Z 1), Zuführungen zu versicherungstechnischen Rückstellungen bei Versicherungsunternehmen (Z 3) sowie Zinsen für die Fremdfinanzierung des Erwerbs von Kapitalanteilen iSd § 10 (Z 4).","§ 11 Abs. 1 KStG 1988","1","1","1","1","2","0","[KStG § 11 Abs. 1] Bei der Gewinnermittlung gelten auch bestimmte körperschaftsspezifische Aufwendungen als Betriebsausgaben, insbesondere Aufwendungen im unmittelbaren Zusammenhang mit Einlagen und Beiträgen (§ 8 Abs. 1), Zuführungen zu versicherungstechnischen Rückstellungen und Zinsen für die Fremdfinanzierung des Erwerbs von Kapitalanteilen iSd § 10.","Die Antwort bricht ab und liefert die verlangte Aufzählung praktisch nicht. Damit ist weder der Norminhalt noch die körperschaftsspezifische Besonderheit brauchbar wiedergegeben."
"6","a502bd5687e251e7","Kann jemand nach österreichischem Steuerrecht mehr als einen Wohnsitz haben?","Ja, nach österreichischem Steuerrecht kann eine natürliche Person durchaus mehr als einen Wohnsitz haben. Entscheidend ist, ob die Person eine Wohnung tatsächlich derart benutzt, dass sie als Mittelpunkt ihrer Lebensinteressen anzusehen ist. Das kann auch bei mehreren Wohnungen gleichzeitig der Fall sein. Liegen danach mehrere Wohnsitze vor, wird derjenige Ort als steuerlicher Wohnsitz behandelt, an dem sich die überwiegenden Lebensinteressen befinden. Dies beurteilt sich anhand von Tatsachen wie dem Ort der Familie, des regelmäßigen Aufenthalts oder der beruflichen Tätigkeit. Bei unklarer Lage kann es zu einer Doppelansässigkeit kommen, die dann durch ein Doppelbesteuerungsabkommen aufgelöst werden muss.","Ja. Eine natürliche Person kann nach EStR 2000 Rz 23 mehrere Wohnsitze haben.","EStR 2000 Rz 23","5","2","4","5","5","0","[EStR 2000 Rz 23] Eine natürliche Person kann zwar mehrere Wohnsitze haben, jedoch nur einen gewöhnlichen Aufenthalt. Dieser verlangt die körperliche Anwesenheit unter Umständen, die erkennen lassen, dass sie nicht nur vorübergehend verweilt.","Die Antwort trifft die Kernaussage, dass mehrere Wohnsitze möglich sind. Sie vermischt das aber etwas mit Mittelpunkt der Lebensinteressen und DBA-Überlegungen, weshalb der Quellenbezug schwächer bleibt."
"7","a529708caa4dd691","Zählt Krankengeld auch als Arbeitslohn?","Schuldführung von der Kostensteuer ist, die Ermittelvermögen und Grundstellten. Die Verkommunft für diese Einheitliche Unternehmenschaften zu erfolgende Anschutzteiligkeit (§ 3 Abs 1 Ab 2 A2). Der Gesellsatz des Bundesweiszuges bei den Rechtsgesetzlich sind eine Gewinnanntnis kann nicht in dem Jahren im Förder angebendigen werden; dass es untersammen mit berufrechtige Betrifugellnach","Ja. Krankengeld aus der gesetzlichen Krankenversicherung gilt als Einkünfte aus nichtselbständiger Arbeit, wenn es wegen eines bestehenden oder früheren Dienstverhältnisses bezogen wird. Besteht kein Zusammenhang mit einem Dienstverhältnis (z. B. Krankengeld für Selbständige), ist es keine Einkunft aus nichtselbständiger Arbeit und fällt unter § 32 Z 1 EStG 1988.","§ 25 Abs. 1 Z 1 lit. c–e EStG 1988 (i.V.m. § 32 Z 1 EStG 1988)","0","0","0","0","0","1","[EStG § 25 Abs. 1 Z 1 lit. c–e] Bezüge aus einer gesetzlichen Kranken- oder Unfallversorgung sowie bestimmte Krankengelder zählen nur dann zu den Einkünften aus nichtselbständiger Arbeit, wenn sie aufgrund eines bestehenden oder früheren Dienstverhältnisses zufließen; sonst sind sie nach § 32 Z 1 zu erfassen.","Die Antwort ist inhaltlich unverständlich und enthält keinen brauchbaren Bezug zu Krankengeld oder Arbeitslohn. Die erfunden wirkenden Paragraphenangaben machen die Begründung zusätzlich unbrauchbar."
"8","a5492775960ef1a7","Die Ehefrau eines Gesellschafters einer offenen Gesellschaft (OG) gewährt der OG aus ihrem privaten Ersparten ein Darlehen und erhält dafür Zinsen. Die Ehefrau selbst ist nicht an der OG beteiligt. Handelt es sich bei den Zinsen um Einkünfte aus Gewerbebetrieb nach § 23 Z 2 EStG?","23 Z 2 EStG? Antwort: Ja. Die Ehefrau hat als Ehegattin des Gesellschafters eine Einkommens- oder Vermögensforderung gegenüber dem Gesellschafter. Sie kann daher auch gegen den Gesellschafter einen Anspruch auf Zinsen erheben. Das gilt auch für die Zinsen, die der Gesellschafter in der Höhe von Fr. 10'000.-- im Jahre 1985 bezahlt hat. Der Gesellschafter hat somit einen Anspruch auf Zinsen, wenn er die Ehefrau zur Zeit des Vertragsabschlusses als Ehegatte verpflichtet hatte.","Nein. § 23 Z 2 EStG erfasst ausschließlich Vergütungen für die Hingabe von Darlehen durch Gesellschafter, die als Mitunternehmer anzusehen sind. Da die Ehefrau eine gesellschaftsfremde Dritte ist, fällt die Darlehensgewährung nicht unter § 23 EStG, sondern führt bei ihr regulär zu Einkünften aus Kapitalvermögen.","§ 23 EStG 1988","1","1","1","2","2","1","[EStG § 23 Z 2] Zu den Einkünften aus Gewerbebetrieb zählen Gewinnanteile der Gesellschafter von Gesellschaften, bei denen die Gesellschafter als Mitunternehmer anzusehen sind, sowie Vergütungen, die der Gesellschafter von der Gesellschaft für Tätigkeit, Darlehen oder die Überlassung von Wirtschaftsgütern bezogen hat.","Das Ergebnis ist falsch, weil § 23 Z 2 nur Mitunternehmer erfasst. Die Antwort behandelt die Ehefrau fälschlich wie eine Gesellschafterin und führt zudem sachfremde Angaben ein."
"9","a5a74c79e513b96b","Frau Berger erhält im April 2026 einen Airdrop von 10.000 Token des Projekts ‚AlphaDAO'. Bedingung für den Airdrop war, dass sie in der Vergangenheit das AlphaDAO-Protokoll genutzt hatte. Sie hat keinerlei Gegenleistung erbracht und keinen Token-Kauf getätigt. Der Token hat zum Zeitpunkt der Gutschrift auf ihrer Wallet einen Marktwert von EUR 2 pro Token. Frau Berger hält die Token sechs Monate und verkauft sie dann zu EUR 5 pro Token. Wie ist der Airdrop steuerlich einzuordnen, und wie berechnet sich der Veräußerungsgewinn?","Der Airdrop ist kein Einkommen. Er ist nur ein Vorteil für die Verwendung des AlphaDAO-Protokolls. Der Veräußerungsgewinn ist steuerfrei. Er wird in der Steuererklärung als Einkommen angegeben. Der Marktwert wird als Einkommen berücksichtigt. Der Airdrop","Ein Airdrop ohne Gegenleistung stellt keinen Anschaffungsvorgang dar. Die erhaltenen Token haben Anschaffungskosten von null Euro (§ 27b Abs. 3 EStG). Im Unterschied zu Staking-Rewards, die als laufende Einkünfte aus der Überlassung von Kryptowährungen erfasst werden, ist ein reiner Airdrop mangels zugrunde liegender Überlassung oder sonstiger Leistung nicht als laufende Einkünfte gemäß § 27b Abs. 2 EStG zu qualifizieren. Der Airdrop selbst löst im Zeitpunkt des Zuflusses noch keine Einkommensteuerpflicht aus. Erst die spätere Veräußerung ist steuerpflichtig: Veräußerungserlös 10.000 × EUR 5 = EUR 50.000, Anschaffungskosten EUR 0, Veräußerungsgewinn EUR 50.000, steuerpflichtig mit 27,5 % (§ 27a Abs. 1 EStG).","§ 27b Abs. 3 EStG; § 27b Abs. 1 EStG; § 27a Abs. 1 EStG","1","1","1","1","2","1","[EStG § 27b Abs. 3] Zu den Einkünften aus realisierten Wertsteigerungen von Kryptowährungen zählen Einkünfte aus der Veräußerung von Kryptowährungen sowie aus dem Tausch von Kryptowährungen gegen andere Wirtschaftsgüter und Leistungen einschließlich gesetzlich anerkannter Zahlungsmittel. Bei unentgeltlichem Erwerb (Airdrop, Bounty, Hardfork) sind die Anschaffungskosten mit Null anzusetzen; die Besteuerung erfolgt erst bei späterer Realisierung mit dem besonderen Steuersatz von 27,5 % gemäß § 27a Abs. 1 EStG.","Die Antwort ist widersprüchlich: Einerseits soll kein Einkommen vorliegen, andererseits soll der Marktwert als Einkommen angesetzt werden. Vor allem die spätere Steuerfreiheit ist nicht aus Quelle oder Musterlösung ableitbar."
"10","a5f22ebc2e5aa48a","„Ein Unternehmer beauftragt im eigenen Namen eine IT-Dienstleistung bei einem Dritten und stellt sie seinem Kunden weiter in Rechnung. Wie wird diese Leistung behandelt?“","Die Leistung muss vom Unternehmer in Rechnung gestellt werden, unabhängig von der Höhe der Leistung. Der Steuerabzug erfolgt in Höhe der zu bezahlenden Umsatzsteuer.","„Als Besorgungsleistung, wobei die Rechtsvorschriften der besorgten IT-Leistung entsprechend anzuwenden sind.“","§ 3a Abs. 4 UStG 1994","1","0","1","1","3","0","[UStG § 3a Abs. 4] Besorgt ein Unternehmer eine sonstige Leistung, so sind die für die besorgte Leistung geltenden Rechtsvorschriften auf die Besorgungsleistung entsprechend anzuwenden.","Die Antwort verfehlt die Besorgungsleistung fast vollständig. Sie spricht nur allgemein über Rechnung und Vorsteuerabzug, nennt aber nicht die Gleichbehandlung mit der besorgten Leistung."
"11","a5f7eb9ee6d92583","Ein Autoliebhaber kauft über einen Zeitraum von zwei Jahren systematisch fünf unrestaurierte Oldtimer auf, setzt diese in einer gemieteten Werkstatt unter Einsatz von Fachpersonal instand und verkauft die fahrbereiten Fahrzeuge anschließend mit beträchtlichem Gewinn über spezialisierte Online-Auktionen. Er beabsichtigt, diesen Zyklus fortzusetzen, um daraus seinen Lebensunterhalt zu bestreiten. Ist diese Tätigkeit als private Vermögensverwaltung oder als Gewerbebetrieb gemäß § 23 EStG einzustufen?","Die Frage ist komplex und erfordert eine sorgfältige Analyse. Ich werde mich bemühen, eine präzise Antwort zu geben.

Die Tätigkeit des Autoliebhabers kann sowohl als private Vermögensverwaltung als auch als Gewerbebetrieb gemäß § 23 EStG eingestuft werden. Hier sind die Gründe:

**Private Vermögensverwaltung:**

* Der Autoliebhaber kauft die Oldtimer für seinen persönlichen Besitz und nicht für den Verkauf.
* Er setzt die Fahrzeuge instand, um sie fahrbereit zu machen, was ein persönliches Interesse an der Erhaltung des Wertes der Fahrzeuge ist.
* Der Verkauf der Fahrzeuge über Online-Auktionen kann als eine Möglichkeit angesehen werden, den Wert der Fahrzeuge zu maximieren und somit den persönlichen Besitz zu erhalten.

**Gewerbebetrieb gemäß § 23 EStG:**

* Der Autoliebhaber kauft die Oldtimer systematisch über einen Zeitraum von zwei Jahren, was auf eine planmäßige","Es liegt ein Gewerbebetrieb gemäß § 23 EStG vor. Die Tätigkeit wird selbstständig, nachhaltig (geplanter, wiederkehrender Zyklus) und mit eindeutiger Gewinnerzielungsabsicht (Sicherung des Lebensunterhalts) ausgeübt. Durch die aktive Wertsteigerung (Restaurierung) und den systematischen Verkauf am Markt liegt eine Beteiligung am allgemeinen wirtschaftlichen Verkehr vor, die über eine bloße private Sammlertätigkeit hinausgeht.","§ 23 EStG 1988","2","1","2","2","3","0","[EStG § 23 Z 1] Einkünfte aus Gewerbebetrieb sind Einkünfte aus einer selbständigen, nachhaltigen Betätigung, die mit Gewinnabsicht unternommen wird und sich als Beteiligung am allgemeinen wirtschaftlichen Verkehr darstellt, wenn die Betätigung weder als Land- und Forstwirtschaft noch als selbständige Arbeit anzusehen ist.","Die Antwort erkennt mehrere relevante Kriterien, bleibt aber zu unentschlossen und stellt private Vermögensverwaltung zu stark neben den Gewerbebetrieb. Die klare Einordnung als Gewerbebetrieb fehlt."
"12","a6a8f8fc274ffabd","Darf Österreich bei der Befreiungsmethode die nach dem DBA steuerfreien Auslandseinkünfte für die Ermittlung des Steuersatzes auf die Inlandseinkünfte berücksichtigen?","Ja. Österreich darf bei der Befreiungsmethode die nach dem DBA steuerfreien Auslandseinkünfte zur Ermittlung des Progressionsvorbehalts bzw. des Steuersatzes auf die inländischen Einkünfte berücksichtigen, sofern das DBA dies vorsieht oder die innerstaatliche Regelung anwendbar ist.

Rechtsgrundlage: Art. 23A OECD-MA bzw. die jeweiligen DBA-Bestimmungen; innerstaatlich insbesondere § 33 Abs. 1 EStG 1988 (Progressionsvorbehalt).","Ja, nach EStR 2000 Rz 189. Bei der Befreiungsmethode sind die ausländischen Einkünfte zwar selbst steuerfrei, sie dürfen aber regelmäßig im Rahmen des Progressionsvorbehalts bei der Ermittlung des auf die Inlandseinkünfte anzuwendenden Durchschnittssteuersatzes berücksichtigt werden.","EStR 2000 Rz 189","5","3","4","4","4","0","[EStR 2000 Rz 189] Bei der Befreiungsmethode werden ausländische Einkünfte im Ansässigkeitsstaat steuerfrei gestellt; sie können aber im Rahmen eines Progressionsvorbehalts für die Ermittlung des auf die übrigen Einkünfte anzuwendenden Steuersatzes berücksichtigt werden.","Das Ergebnis passt und der Progressionsvorbehalt wird richtig angesprochen. Der konkrete Bezug zu EStR Rz 189 bleibt aber etwas dünn, weil eher allgemein auf DBA und OECD-MA verwiesen wird."
"13","a72e2c06ce04302c","Ein Arzt betreibt seine Ordination als Einzelunternehmer und erzielt daraus Einkünfte. Liegen Einkünfte aus Gewerbebetrieb vor?","Ja. Die Tätigkeit eines Arztes als Heilbehandlung ist ein Gewerbebetrieb im Sinne des § 23 Z 1 EStG 1988. Die Einkünfte aus der ärztlichen Tätigkeit sind Einkünfte aus Gewerbebetrieb (§ 23 Z 1 EStG), sofern die Tätigkeit nicht als selbständige Arbeit (§ 22 EStG) einzustufen wäre. Die Unterscheidung zwischen selbständiger Arbeit und Gewerbebetrieb ist entscheidend für die Anwendung der verschiedenen Einkunftsarten und die damit verbundenen Steuermessgrößen (Gewinnabschluss vs. Einkommensteuererklärung).","Nein. § 23 Z 1 schließt selbständige Arbeit ausdrücklich aus, Ärzte zählen zu den freien Berufen im Sinne des § 22, die Betriebsform als Einzelunternehmer ändert die Einkunftsart nicht.","§ 23 EStG 1988","1","2","1","2","2","0","[EStG § 23 Z 1] Einkünfte aus Gewerbebetrieb sind Einkünfte aus einer selbständigen, nachhaltigen Betätigung, die mit Gewinnabsicht unternommen wird und sich als Beteiligung am allgemeinen wirtschaftlichen Verkehr darstellt, wenn die Betätigung weder als Land- und Forstwirtschaft noch als selbständige Arbeit anzusehen ist.","Die Schlussfolgerung ist falsch: Die ärztliche Tätigkeit ist grundsätzlich freie Berufstätigkeit und gerade kein Gewerbebetrieb. Immerhin wird die Abgrenzung zu § 22 kurz erkannt."
"14","a76c04ebe0c09995","Ein in Ungarn ansässiger Arbeitnehmer arbeitet vorübergehend physisch in Österreich. Können seine Arbeitslohneinkünfte in Österreich beschränkt steuerpflichtig sein?","Ja, die Arbeitslohneinkünfte eines in Ungarn ansässigen Arbeitnehmers, der vorübergehend in Österreich arbeitet, können nach den Bestimmungen des österreichischen Einkommensteuergesetzes (EStG) und des internationalen Steuerrechts beschränkt steuerpflichtig sein.

Gemäß § 1 Abs. 2 EStG sind natürliche Personen, die im Inland Einkünfte erzielen, steuerpflichtig. Die beschränkte Steuerpflicht kann sich auf bestimmte Einkunftsarten beziehen, insbesondere auf Einkünfte aus nichtselbständiger Arbeit. Wenn ein Arbeitnehmer vorübergehend in Österreich tätig ist, wird geprüft, ob die im Ausland ansässige Person in Österreich einen steuerpflichtigen Bezug hat.

Die beschränkte Steuerpflicht wird auch durch international geltende Abkommen zur Vermeidung der Doppelbesteuerung (DBA) geregelt. Österreich hat mit Ungarn ein DBA abgeschlossen. Dieses regelt, in welchem Land die Einkünfte aus unselbständiger Arbeit versteuert werden.

Nach Art. 15 des DBA zwischen Österreich und Ungarn sind die Einkünfte aus unselbständiger Arbeit grundsätzlich im Ansässigkeitsstaat (in diesem Fall Ungarn) steuerpflichtig, es sei denn, die Arbeit wird im anderen Vertragsstaat (Österreich) ausgeübt und bestimmte Bedingungen sind erfüllt, wie z.B. die Dauer des Aufenthalts (in der Regel eine kurzfristige Tätigkeit von weniger als 183 Tagen innerhalb eines Jahres).

Zusammenfassend: Wenn der ungarische Arbeitnehmer für einen beschränkten Zeitraum in Österreich arbeitet und die Bedingungen des DBA erfüllt sind, können seine Arbeitslohneinkünfte in Österreich beschränkt steuerpflichtig sein. Dies bedeutet, dass er in Österreich Einkommensteuer auf die inländischen Einkünfte zu entrichten hat.","Ja. Nach § 98 Abs. 1 Z 4 EStG 1988 und EStR 2000 Rz 7951 sind Einkünfte aus nichtselbständiger Arbeit beschränkt auch steuerpflichtig, wenn die Arbeit im Inland ausgeübt oder verwertet wird oder worden ist.","§ 98 Abs. 1 Z 4 EStG 1988;EStR 2000 Rz 7951","4","2","3","3","4","0","[EStG § 98 Abs. 1 Z 4] Der beschränkten Steuerpflicht unterliegen Einkünfte aus nichtselbständiger Arbeit (§ 25), die im Inland ausgeübt oder verwertet wird oder worden ist.
[EStR 2000 Rz 7951] Einkünfte aus nichtselbständiger Arbeit sind inländische Einkünfte, wenn die Tätigkeit im Inland ausgeübt oder verwertet wird.","Das Ergebnis stimmt, weil die physische Arbeit in Österreich eine beschränkte Steuerpflicht auslösen kann. Die Begründung bleibt aber zu allgemein und stützt sich nicht sauber auf § 98 Abs. 1 Z 4."
"15","a814177e1db59bf1","Wie lange muss die finanzielle Verbindung zu einem Gruppenmitglied bestehen?","Die Finanzverbindung zu einem Gruppenmitglied muss mindestens 12 Monate bestehen.","Während des gesamten Wirtschaftsjahres des jeweiligen Gruppenmitgliedes (§ 9 Abs. 5 KStG).","§ 9 Abs. 5 KStG 1988","2","1","1","2","4","0","[KStG § 9 Abs. 5] Die finanzielle Verbindung muss während des gesamten Wirtschaftsjahres des jeweiligen Gruppenmitgliedes bestehen.","Die Antwort nennt mit zwölf Monaten eine zu grobe und hier nicht exakt passende Aussage. Maßgeblich ist das gesamte Wirtschaftsjahr des jeweiligen Gruppenmitglieds, nicht pauschal ein Jahreszeitraum."
"16","a8438f4737f31cd8","Ein in Bayern ansässiger Landwirt bewirtschaftet zusätzlich Ackerflächen in Österreich. Sind die daraus erzielten Einkünfte in Österreich beschränkt steuerpflichtig?","Ja, die Einkünfte sind in Österreich beschränkt steuerpflichtig, da der Landwirt in Bayern ansässig ist und die Ackerflächen in Österreich bewirtschaftet.","Ja. Einkünfte aus einer im Inland betriebenen Land- und Forstwirtschaft unterliegen nach § 98 Abs. 1 Z 1 EStG 1988 und EStR 2000 Rz 7911 der beschränkten Steuerpflicht. Maßgeblich ist die Belegenheit der bewirtschafteten Grundstücke im Inland.","§ 98 Abs. 1 Z 1 EStG 1988;EStR 2000 Rz 7911","4","2","3","3","5","0","[EStG § 98 Abs. 1 Z 1] Der beschränkten Steuerpflicht unterliegen Einkünfte aus einer im Inland betriebenen Land- und Forstwirtschaft.
[EStR 2000 Rz 7911] Einkünfte aus im Inland betriebener Land- und Forstwirtschaft unterliegen bei beschränkt Steuerpflichtigen der österreichischen Besteuerung.","Das Ergebnis ist richtig. Die Begründung bleibt aber knapp und nennt den entscheidenden Anknüpfungspunkt, die inländische Land- und Forstwirtschaft bzw. Belegenheit der Flächen, nur allgemein."
"17","a8d48904b45c905e","Kann eine Person die Zuzugsbegünstigung erhalten, wenn sie erst vor weniger als fünf Jahren aus Österreich weggezogen ist und nun zurückkehrt?","Die Person die Zuzangsüchtigkeit erhalten kann, wenn sie erstvor wenigeralsixjährigen Ablaufzeit aus Österreich weggeworfen ist und nun zurückkehrt, solange es keinen Auslandszuschlag für den Rückzug gibt oder der Auslandsabgabenbetrag nachvollziehbar ist.)","Nein. Liegen zwischen Wegzug und erneutem Zuzug weniger als fünf Jahre, ist die Zuzugsbegünstigung ausgeschlossen.","§ 103 Abs. 2 EStG 1988","0","0","0","0","1","1","[EStG § 103 Abs. 2] Die Zuzugsbegünstigung setzt einen begünstigten Zuzug aus dem Ausland voraus; bei einem Wegzug aus Österreich und einem erneuten Zuzug innerhalb von weniger als fünf Jahren ist die Begünstigung ausgeschlossen.","Die Antwort ist sprachlich und inhaltlich kaum verständlich. Sie beantwortet den Fünfjahresausschluss nicht und führt nicht gedeckte Begriffe wie Auslandszuschlag ein."
"18","a8d840323f382fb7","Ein Unternehmer bewirtet einen wichtigen Geschäftspartner in einem Restaurant. Die Bewirtung dient aus seiner Sicht dem Unternehmen; die Aufwendung ist jedoch ertragsteuerlich nach den einschlägigen Abzugsverboten nicht abzugsfähig. Für die Restaurantrechnung stand ihm bei Bezug ein teilweiser Vorsteuerabzug zu. Kann insoweit ein steuerbarer Eigenverbrauch vorliegen, obwohl die Leistung betrieblich veranlasst war?","**Sachverhalt:**  
Ein Unternehmer bewirtet einen Geschäftspartner in einem Restaurant. Die Bewirtung dient betrieblich, ist aber ertragsteuerlich nicht abzugsfähig (z.B. wegen der 70%-Regelung bei Bewirtungskosten). Für die Restaurantrechnung stand ihm jedoch ein teilweiser Vorsteuerabzug zu.

**Fragestellung:**  
Kann insoweit ein steuerbarer Eigenverbrauch vorliegen, obwohl die Leistung betrieblich veranlasst war?

---

### 1. Grundsätzliche Ausgangslage

- **Ertragsteuerliche Behandlung:**  
  Bewirtungskosten sind grundsätzlich nur zu 70 % als Betriebsausgaben abzugsfähig (§ 4 Abs. 5 Nr. 2 EStG). Der nicht abzugsfähige Anteil ist ertragsteuerlich nicht abzugsfähig.

- **Umsatzsteuerliche Behandlung:**  
  Der Unternehmer hat für die Restaurantrechnung Vorsteuer gezogen, soweit die Bewirtung betrieblich veranlasst ist.

---

### 2. Steuerbarer Eigenverbrauch im Umsatzsteuerrecht

- **Eigenverbrauch** liegt vor, wenn ein Unternehmer Gegenstände oder Leistungen für private Zwecke oder für Zwecke außerhalb seines Unternehmens verwendet (§","Ja. § 1 Abs. 1 Z 2 lit. a UStG erfasst auch Aufwendungen, die Zwecken des Unternehmens dienen, aber nach den dort genannten ertragsteuerlichen Vorschriften nicht abzugsfähig sind; die Besteuerung setzt nur voraus, dass der Gegenstand oder seine Bestandteile zu einem vollen oder teilweisen Vorsteuerabzug berechtigt haben.","§ 1 Abs. 1 Z 2 lit. a UStG 1994","2","1","2","2","3","1","[UStG § 1 Abs. 1 Z 2 lit. a] Eigenverbrauch liegt vor, soweit ein Unternehmer Ausgaben (Aufwendungen) tätigt, die Leistungen betreffen, die Zwecken des Unternehmens dienen und deren Entgelte überwiegend keine abzugsfähigen Ausgaben (Aufwendungen) im Sinne des § 20 Abs. 1 Z 1 bis 5 EStG 1988 oder der §§ 8 Abs. 2 und 12 Abs. 1 Z 1 bis 5 KStG 1988 sind. Voraussetzung der Besteuerung ist, dass der Gegenstand oder seine Bestandteile zu einem vollen oder teilweisen Vorsteuerabzug berechtigt haben.","Die Antwort erkennt zwar das Thema Eigenverbrauch, verwendet aber deutsches Ertragsteuerrecht und bricht vor einer klaren Lösung ab. Der österreichische Normbezug ist dadurch sehr schwach."
"19","a8d8f631479ee331","Was sind Einnahmen nach § 15 EStG?","Bei Betrieben gewerblicher Art, rechnungslegungspflichtigen Erwerbs- und Wirtschaftsgenossenschaften und vergleichbaren unbeschränkt steuerpflichtigen ausländischen Körperschaften ist der Gewinn nach § 5 EStG zu ermitteln.","Geld oder geldwerte Vorteile, die dem Steuerpflichtigen im Rahmen der Einkunftsarten zufließen.","EStG § 15","0","0","0","0","1","0","[EStG § 15 Abs. 1] Einnahmen liegen vor, wenn dem Steuerpflichtigen Geld oder geldwerte Vorteile im Rahmen der Einkunftsarten des § 2 Abs. 3 zufließen.","Die Antwort behandelt Körperschaften und Gewinnermittlung nach § 5 EStG, nicht den Einnahmenbegriff des § 15 EStG. Die eigentliche Frage wird damit praktisch nicht beantwortet."
"20","a9186ae5b6b4ce48","Ab wann treten die geänderten Selbstberechnungsregeln (BGBl. I Nr. 97/2025) in Kraft?","Die geänderten Selbstberechnungsregeln treten gemäß BGBl. I Nr. 97/2025 mit dem 1. Jänner 2026 in Kraft. Dies wird durch § 131 EStG 1988, der die Inkrafttretensbestimmungen für Gesetzesänderungen enthält, geregelt.","Grundsätzlich ab 1. April 2026. Der Finanzminister kann das Inkrafttreten aber per Verordnung bis 1. Jänner 2027 verschieben, falls die technischen Voraussetzungen noch nicht gegeben sind (§ 18 Abs. 2x GrEStG).","§ 18 Abs. 2x GrEStG 1987","1","1","1","2","4","1","[GrEStG § 18 Abs. 2x] Die geänderten Selbstberechnungsregeln treten grundsätzlich mit 1. April 2026 in Kraft; der Bundesminister für Finanzen kann das Inkrafttreten durch Verordnung bis längstens 1. Jänner 2027 verschieben.","Das angegebene Datum ist falsch. Die Antwort nennt 1. Jänner 2026 und stützt sich zudem auf eine nicht einschlägige EStG-Bestimmung, während § 18 Abs. 2x GrEStG maßgeblich wäre."
"21","a930fc31abe8218f","Eine in Deutschland ansässige GmbH schließt das Umsatzgeschäft über eine Ware über ihre im Inland gelegene Zweigniederlassung in eigenem Namen ab; die Ware wird anschließend in die Schweiz verbracht. Ist diese Zweigniederlassung ausländischer Abnehmer iSd § 7?","Beantworte die steuerrechtliche Frage. Nutze den bereitgestellten Gesetzestext als Hauptinformationsquelle, ziehe aber bei Bedarf auch dein allgemeines Wissen hinzu.

Frage:
Eine in Deutschland ansässige GmbH schließt das Umsatzgeschäft über eine Ware über ihre im Inland gelegene Zweigniederlassung in eigenem Namen ab; die Ware wird anschließend in die Schweiz verbracht. Ist diese Zweigniederlassung ausländischer Abnehmer iSd § 7?

Gesetzestext:
Fällen keine Veräußerung vor: – Bei der Übertragung auf ein anderes Depot desselben Steuerpflichtigen bei derselben depotführenden Stelle. – Bei der Übertragung auf ein Depot desselben Steuerpflichtigen bei einer inländischen depotführenden Stelle, wenn der Steuerpflichtige die übertragende depotführende Stelle beauftragt, der übernehmenden depotführenden Stelle die Anschaffungskosten mitzuteilen. – Bei der Übertragung von einer inländischen depotführenden Stelle auf ein Depot desselben Steuerpflichtigen bei einer ausländischen depotführenden Stelle, wenn der Steuerpflichtige die übertragende 

Antwort:","Nein. Eine im Inland befindliche Zweigniederlassung ist nach § 7 Abs. 2 lit. b nicht ausländischer Abnehmer; daher trägt § 7 Abs. 1 Z 2 nicht.","§ 7 Abs. 1 Z 2 UStG 1994; § 7 Abs. 2 lit. b UStG 1994","0","0","0","0","1","0","[UStG § 7 Abs. 1 Z 2; Abs. 2 lit. b] Die Ausfuhrlieferung setzt einen ausländischen Abnehmer voraus. Eine im Inland befindliche Zweigniederlassung eines Unternehmers ist nicht ausländischer Abnehmer.","Die Antwort bleibt beim Prompt hängen und arbeitet mit völlig unpassendem Gesetzestext. Die entscheidende Aussage, dass eine inländische Zweigniederlassung kein ausländischer Abnehmer ist, fehlt."
"22","a9573985380031c1","Wird die vom Käufer zu zahlende Grunderwerbsteuer selbst auch noch Teil der Bemessungsgrundlage (Gegenleistung)?","zu raten. Benutzerfrage: Wird die vom Käufer zu zahlende Grunderwerbsteuer selbst auch noch Teil der Bemessungsgrundlage (Gegenleistung)? Antwort: Grundsaetzlich gilt: bei Paragraphen 3 bis 7 Einkommen aus Gewerbebetrieb ins steuerliche Einkommen aus nichtselbstaendiger Arbeit fallen die bestimmten Elemente getrennt und danach im Gesamtzusammenhang zu wuerdigen. Bei einem solchen verschachtelten Sachverhalt sind die einzelnen Elemente getrennt und danach im Gesamtzusammenhang zu wuerdigen. Im Einzelfall koennen weitere Tatbestandsmerkmale, Ausnahmen oder Beguenstigungen massgeblich werden.","Nein. Gemäß § 5 Abs. 4 GrEStG wird die Grunderwerbsteuer, die für den zu besteuernden Erwerbsvorgang zu entrichten ist, der Gegenleistung weder hinzugerechnet noch von ihr abgezogen.","§ 5 Abs. 4 GrEStG 1987","0","0","0","0","1","1","[GrEStG § 5 Abs. 4] Die Grunderwerbsteuer, die für den zu besteuernden Erwerbsvorgang zu entrichten ist, wird der Gegenleistung weder hinzugerechnet noch von ihr abgezogen.","Die Antwort ist weitgehend unverständlich und behandelt sachfremde EStG-Themen. Die klare Regel des § 5 Abs. 4 GrEStG wird nicht genannt."
"23","aa3ee552803ec8e2","""An welchem Ort ist eine Vermittlungsleistung an einen Nichtunternehmer erbracht?""","Eine Vermittlungsleistung an einen Nichtunternehmer ist grundsätzlich dort erbracht, wo der leistungsempfangende Nichtunternehmer seinen Wohnsitz oder gewöhnlichen Aufenthalt hat (§ 3a Abs. 5 Z 3 UStG 1994). Wenn der leistende Unternehmer im Gemeinschaftsgebiet weder sein Unternehmen betreibt noch eine Betriebsstätte hat, kann er unter bestimmten Voraussetzungen die Sonderregelung für Drittlandsunternehmer in Anspruch nehmen (§ 25a UStG 1994).","""Eine Vermittlungsleistung an einen Nichtunternehmer im Sinne des Abs. 5 Z 3 wird an dem Ort erbracht, an dem der vermittelte Umsatz ausgeführt wird.""","§ 3a Abs. 8 UStG 1994","1","1","1","2","4","1","[UStG § 3a Abs. 8] Eine Vermittlungsleistung an einen Nichtunternehmer im Sinne des Abs. 5 Z 3 wird an dem Ort erbracht, an dem der vermittelte Umsatz ausgeführt wird.","Das Ergebnis ist falsch, weil bei Vermittlungsleistungen an Nichtunternehmer der Ort des vermittelten Umsatzes maßgeblich ist. Die Antwort stellt stattdessen auf den Wohnsitz des Empfängers ab und nennt eine nicht passende Sonderregel."
"24","aaa92d6cf12e90be","Was ist die ""Investitionsprämie"" im Zuge der COVID-Gesetze?",", sind als Kryptowährungen anzusehen. Dies umfasst auch Token, die auf einer Blockchain basieren. Die Kryptowährung ist als Vermögensgegenstand zu behandeln. Die Kryptowährung ist als Vermögensgegenstand zu behandeln. Die Kryptowährung ist als Vermögensgegenstand zu behandeln. Die Kryptowährung ist als Vermögensgegenstand zu behandeln. Die Kryptowährung ist als Vermögensgegenstand zu behandeln. Die Kryptowährung ist als Vermögensgegenstand zu behandeln. Die Kryptowährung ist als Vermögensgegenstand zu behandeln. Die Kryptowährung ist als Vermögensgegenstand zu behandeln. Die Kryptowährung ist als Vermögensgegenstand zu behandeln. Die Kryptowährung ist als Vermögensge","Ein Zuschuss von 7 % bzw. 14 % für Neuinvestitionen in Unternehmen.","InvPrG","0","0","0","0","1","1","[InvPrG § 1 Abs. 1; § 2 Abs. 5] Gegenstand des Förderungsprogrammes ist die Schaffung eines Anreizes für Unternehmen, in und nach der COVID-19-Krise in das Anlagevermögen zu investieren; die Förderung wird als Zuschuss gewährt. Die Investitionsprämie beträgt 7 % der Neuinvestitionen, in bestimmten begünstigten Bereichen 14 %.","Die Antwort ist komplett themenfremd und spricht nur über Kryptowährungen. Zur Investitionsprämie als COVID-Zuschuss für Neuinvestitionen wird nichts Brauchbares gesagt."
"25","aae6e795afb19f2b","Wie werden Einlagen und Beiträge von Gesellschaftern bei der Einkommensermittlung behandelt?","In Österreich werden Einlagen und Beiträge von Gesellschaftern bei der Einkommensermittlung **nicht** direkt als Einkünfte berücksichtigt.  Es wird davon ausgegangen, dass diese Gelder **insofern als Eigenkapital** betrachtet werden, wie es auch in § 8 KStG geregelt ist. 

Hier einige wichtige Punkte:

* **§ 8 KStG:**  Betrifft die Behandlung von Einlagen und Beiträgen von Gesellschaftern. Es wird explizit darauf hingewiesen, dass diese **als Eigenkapital** behandelt werden.
* **§ 10 KStG:** Bezieht sich auf die Abzugfähigkeit von Zuwendungen, insbesondere wenn es sich um Belegschaftsbeteiligungsstiftungen handelt.


Letztlich müssen alle Einlagen und Beiträge **in Bezug auf die jeweilige Beteiligung** analysiert werden.","Sie bleiben außer Ansatz, soweit sie von Personen in ihrer Eigenschaft als Gesellschafter oder Mitglieder geleistet werden (§ 8 Abs. 1 KStG).","§ 8 Abs. 1 KStG 1988","4","3","3","3","4","0","[KStG § 8 Abs. 1] Bei der Ermittlung des Einkommens bleiben Einlagen und Beiträge jeder Art insoweit außer Ansatz, als sie von Personen in ihrer Eigenschaft als Gesellschafter, Mitglieder oder in ähnlicher Eigenschaft geleistet werden.","Die Kernaussage stimmt, dass Einlagen und Beiträge bei der Einkommensermittlung außer Ansatz bleiben. Die Antwort ist aber etwas ausschweifend und bringt § 10 KStG ohne klaren Bedarf hinein."
"26","ab1f7c2db2e5ef86","Eine in Slowenien wohnende EU-Bürgerin erzielt österreichische Einkünfte und hat nur 10.000 Euro nicht in Österreich steuerpflichtige Auslandseinkünfte. Kann sie trotz Unterschreitens der 90%-Quote den Antrag nach § 1 Abs. 4 EStG 1988 stellen?","In Österreich können Personen, die im Ausland wohnen, unter bestimmten Voraussetzungen einen Antrag nach § 1 Abs. 4 EStG 1988 stellen, um von der unbeschränkten Steuerpflicht in Österreich zu profitieren. Eine der Voraussetzungen ist, dass mindestens 90 % der gesamten Einkünfte aus österreichischen Quellen stammen oder die gesamten Einkünfte nicht mehr als 11.000 Euro betragen.

In dem von Ihnen geschilderten Fall erzielt die in Slowenien wohnende EU-Bürgerin österreichische Einkünfte und hat zusätzlich 10.000 Euro nicht in Österreich steuerpflichtige Auslandseinkünfte. Um die 90%-Quote zu erfüllen, müsste der Anteil der österreichischen Einkünfte an den gesamten Einkünften mindestens 90 % betragen.

Wenn die österreichischen Einkünfte beispielsweise 10.000 Euro betragen, wären die gesamten Einkünfte 20.000 Euro (10.000 Euro aus Österreich + 10.000 Euro aus dem Ausland). In diesem Fall würde der Anteil der österreichischen Einkünfte nur 50 % betragen, was die 90%-Quote nicht erfüllt.

Daher kann die Steuerpflichtige in diesem Fall den Antrag nach § 1 Abs. 4 EStG 1988 nicht stellen, da sie die erforderlichen Voraussetzungen nicht erfüllt.","Ja. Der Antrag nach § 1 Abs. 4 EStG 1988 ist auch dann möglich, wenn die nicht der österreichischen Einkommensteuer unterliegenden Einkünfte nicht mehr als 13.539 Euro betragen.","§ 1 Abs. 4 EStG 1988","3","1","2","3","4","1","[EStG § 1 Abs. 4] Auf Antrag werden bestimmte beschränkt Steuerpflichtige als unbeschränkt steuerpflichtig behandelt, wenn ihre Einkünfte mindestens zu 90 % der österreichischen Einkommensteuer unterliegen oder die nicht der österreichischen Einkommensteuer unterliegenden Einkünfte nicht mehr als 13.539 Euro betragen.","Das Ergebnis ist wegen der 10.000 Euro zwar richtig, die Begründung verwendet aber die falsche Grenze von 11.000 Euro. Gerade der gesetzliche Schwellenwert von 13.539 Euro wäre zentral."
"27","abb1a0921939366b","Eine Arbeitnehmerin erhält Pensionszahlungen, die teils aus ihren eigenen Beiträgen, teils aus Arbeitgeberbeiträgen stammen. Sind beide Teile steuerpflichtig?","Basierend auf dem Gesetzestext des Einkommensteuergesetzes (EStG) und insbesondere auf § 25 Abs. 1 Z 1 bis 4, ist die Antwort wie folgt:

Die Pensionszahlungen, die aus den eigenen Beiträgen der Arbeitnehmerin stammen, sind steuerpflichtig. Dies ergibt sich aus dem Gesetzestext, der besagt, dass die Pflichten des Arbeitgebers hinsichtlich des Steuerabzugs vom Arbeitslohn für die gemeinsam ausgezahlten Beträge ausschließlich von der auszahlenden Stelle wahrzunehmen.

Die Pensionszahlungen, die aus den Arbeitgeberbeiträgen stammen, sind jedoch steuerfrei. Dies ergibt sich aus § 108a EStG, der besagt, dass die auf die Arbeitgeberbeiträge entfallenden Pensionen steuerfrei sind.

Es ist jedoch zu beachten, dass die Arbeitnehmerin die Arbeitgeberbeiträge als Sonderausgaben geltend machen kann, wenn sie die Beiträge als Sonderausgaben gemäß § 18 Abs.","Der Anteil aus ihren eigenen Beiträgen wird mit 25 % versteuert; der vom Arbeitgeber finanzierte Anteil ist voll steuerpflichtig.","§ 25 Abs. 1 Z 2 lit. a EStG 1988","1","1","1","2","3","1","[EStG § 25 Abs. 1 Z 2 lit. a] Bezüge und Vorteile aus Pensionskassen zählen zu den Einkünften aus nichtselbständiger Arbeit; soweit sie auf eigenen Arbeitnehmerbeiträgen beruhen, ist der entsprechende Teil nur mit 25 % zu erfassen, der übrige Teil ist voll steuerpflichtig.","Die Antwort vertauscht die steuerliche Behandlung: Der Arbeitgeberanteil ist nicht steuerfrei, sondern voll steuerpflichtig. Der 25%-Ansatz für eigene Beiträge fehlt."
"28","ac23f4d115662ff7","Ein in Spanien lebender Berater hat in Österreich weder Wohnsitz noch gewöhnlichen Aufenthalt. Wenn seine inländischen Einkünfte wegfallen, endet dann grundsätzlich auch die beschränkte Steuerpflicht?","Ja, wenn die inländischen Einkünfte eines in Spanien lebenden Beraters wegfallen, endet grundsätzlich auch seine beschränkte Steuerpflicht in Österreich. Die beschränkte Steuerpflicht knüpft in der Regel an das Vorhandensein von inländischen Einkünften an.","Ja. Nach EStR 2000 Rz 27 beginnt die beschränkte Steuerpflicht mit dem Erzielen inländischer Einkünfte und endet mit dem Wegfall der inländischen Einkünfte, dem Eintritt in die unbeschränkte Steuerpflicht oder dem Tod.","EStR 2000 Rz 27","5","3","4","3","5","0","[EStR 2000 Rz 27] Die beschränkte Steuerpflicht beginnt mit dem Erzielen inländischer Einkünfte und endet mit dem Wegfall der inländischen Einkünfte, dem Eintritt in die unbeschränkte Steuerpflicht oder dem Tod.","Die Antwort trifft die Grundregel richtig. Sie bleibt aber knapper als die Musterlösung, weil die weiteren Beendigungsgründe wie Wechsel in die unbeschränkte Steuerpflicht oder Tod fehlen."
"29","acf0ded2114fd0c9","""Welche sonstigen Leistungen gegen Entgelt gleichgestellt werden?""","In Österreich gelten folgende Leistungen als sonstige Leistungen gegen Entgelt gleichgestellt:

**§ 3a UStG:**  ""Eine sonstige Leistung kann auch in einem Unterlassen oder im Dulden einer Handlung oder eines Zustands bestehen.""

* **Verwendung eines dem Unternehmen zugeordneten Gegenstandes:**  Für Zwecke, die außerhalb des Unternehmens liegen, oder für den Bedarf seines Personals, sofern keine Aufmerksamkeiten vorliegen.
* **Unentgeltliche Erbringung von anderen sonstigen Leistungen:** Für Zwecke, die außerhalb des Unternehmens liegen, oder für den Bedarf seines Personals, sofern keine Aufmerksamkeiten vorliegen.


**Wesentliche Punkte:**

- Es geht um Leistungen, die nicht in einer Lieferung bestehen.
- Diese Leistungen können auch in einem Unterlassen oder im Dulden einer Handlung oder eines Zustands bestehen.
- Der Begriff ""sonstige Leistung"" ist weit gefasst und umfasst sowohl materielle als auch unmaterielle Leistungen.



Bitte beachten Sie, dass dies nur eine kurze Zusammenfassung ist. Im Detail müssen weitere Aspekte wie die Art der Tätigkeit, die konkreten Umstände und die jeweilige Rechtsprechung berücksichtigt werden.","""1. Die Verwendung eines dem Unternehmen zugeordneten Gegenstandes, der zum vollen oder teilweisen Vorsteuerabzug berechtigt hat, durch den Unternehmer
–für Zwecke, die außerhalb des Unternehmens liegen,
–für den Bedarf seines Personals, sofern keine Aufmerksamkeiten vorliegen;
2.die unentgeltliche Erbringung von anderen sonstigen Leistungen durch den Unternehmer
–für Zwecke, die außerhalb des Unternehmens liegen,
–für den Bedarf seines Personals, sofern keine Aufmerksamkeiten vorliegen.""","§ 3a Abs. 1a UStG 1994","4","4","4","4","4","0","[UStG § 3a Abs. 1a] Einer sonstigen Leistung gegen Entgelt gleichgestellt sind die Verwendung eines dem Unternehmen zugeordneten Gegenstandes für unternehmensfremde Zwecke oder für den Bedarf des Personals sowie die unentgeltliche Erbringung anderer sonstiger Leistungen für solche Zwecke, sofern keine Aufmerksamkeiten vorliegen.","Die beiden Hauptfälle der Gleichstellung werden im Wesentlichen richtig genannt. Etwas fehlt der ausdrückliche Vorsteuerabzugsbezug bei der Verwendung eines Unternehmensgegenstands."
"30","acf76e8ec3c4fb7f","Eine österreichische Gesellschaft führt einen zuvor aus Österreich ausgeführten Gegenstand nach einer Bearbeitung im Drittlandsgebiet wieder ein. Für die Bearbeitung wurde ein gesondertes Entgelt vereinbart. Die Gesellschaft möchte die Einfuhrumsatzsteuer auf Basis des vollen Wertes des wiedereingeführten Gegenstands bemessen. Welche Bemessungsgrundlage gibt § 5 UStG für diesen Fall vor?","durch die Veredlung eingetretenen Wertsteigerung bemessen. Ist der eingeführte Gegenstand vor der Einfuhr geliefert worden und ist diese Lieferung jedoch der Umsatzsteuer unterlegen, so gilt Abs. 2. Die Voraussetzungen zur Anwendung dieser Bestimmungen sind im Übrigen auch dann erfüllt, wenn der Einfluss der Veridierung auf das Umsatzsteuer","Maßgeblich ist nicht der volle Gesamtwert des wiedereingeführten Gegenstands, sondern grundsätzlich das für die Veredlung zu zahlende Entgelt. Nur wenn ein solches Entgelt nicht gezahlt wird, ist auf die durch die Veredlung eingetretene Wertsteigerung abzustellen.","§ 5 Abs. 2 UStG 1994","3","3","2","2","2","0","[UStG § 5 Abs. 2] Ist ein Gegenstand ausgeführt, in einem Drittlandsgebiet für den Ausführer veredelt und von dem Ausführer oder für ihn wieder eingeführt worden, so wird der Umsatz bei der Einfuhr nach dem für die Veredlung zu zahlenden Entgelt, falls ein solches nicht gezahlt wird, nach der durch die Veredlung eingetretenen Wertsteigerung bemessen.","Die Antwort ist stark abgeschnitten. Die Wertsteigerungsregel wird zwar erwähnt, aber die vorrangige Bemessung nach dem Veredlungsentgelt kommt nicht klar genug heraus."
"31","ad0f5c97c14b44ed","Ein in Tschechien ansässiger Architekt wird persönlich für ein Projekt in Wien tätig, ohne dort eine Betriebsstätte zu haben. Unterliegen die Honorare in Österreich der beschränkten Steuerpflicht?","? Antwort: Die Honorare sind nicht im Sinne von Art. 10 Abs. 2 des Bundesgesetzes über die Ausübung des Steuerrechts (AS 1985 S. 364) steuerpflichtig. Sie werden daher nicht als Steuern betrachtet, sondern als Einkommen.","Ja. Einkünfte aus selbständiger Arbeit sind nach § 98 Abs. 1 Z 2 EStG 1988 beschränkt steuerpflichtig, wenn die Arbeit im Inland ausgeübt oder verwertet wird. Für diese Steuerpflicht ist nach EStR 2000 Rz 7914 das Vorliegen einer Betriebsstätte nicht Voraussetzung.","§ 98 Abs. 1 Z 2 EStG 1988;EStR 2000 Rz 7914","1","1","1","1","2","1","[EStG § 98 Abs. 1 Z 2] Der beschränkten Steuerpflicht unterliegen Einkünfte aus selbständiger Arbeit (§ 22), die im Inland ausgeübt oder verwertet wird oder worden ist; die Arbeit wird im Inland ausgeübt, wenn der Steuerpflichtige im Inland persönlich tätig geworden ist.
[EStR 2000 Rz 7914] Für die beschränkte Steuerpflicht bei selbständiger Arbeit genügt die Ausübung oder Verwertung im Inland; eine inländische Betriebsstätte ist dafür nicht Voraussetzung.","Das Ergebnis ist falsch und der Text wirkt aus einer fremden Rechtsordnung übernommen. Die inländische persönliche Tätigkeit und die fehlende Betriebsstättenerfordernis werden nicht erkannt."
"32","ad24b5790cd4cb8e","Was charakterisiert einen Werkvertrag nach § 1165 ABGB?","Ein Werkvertrag im Sinne des § 1165 ABGB ist ein Arbeitsverhältnis, das **durch eine schriftliche Vereinbarung** zwischen einem Auftraggeber und einem Bauarbeiter oder Handwerker abgeschlossen wird.  

Hier sind die wichtigsten Merkmale eines Werkvertrags:

* **Besondere Art der Leistung:** Der Vertrag umfasst die Ausführung einer bestimmten Arbeit oder Aufgabe (Werk), die in der Regel mit dem Einsatz von Handwerkern und Fachkräften verbunden ist.
* **Vertragliche Abgrenzung:** Es muss klar definiert sein, welche Arbeiten vom Auftragnehmer ausgeführt werden sollen und welche Kosten zu tragen sind.
* **Fristabwicklung:** Der Vertrag sollte eine Frist festlegen, innerhalb derer die Arbeiten erledigt werden müssen.
* **Kostenberechnung:** Die vereinbarten Preise sollten transparent und eindeutig festgelegt sein.
* **Haftungsausschluss:** Der Vertrag sollte klare Regeln zur Haftung des Auftraggebers und des Auftragsnehmers enthalten.


**Wichtige Punkte:**

* **§ 1165 ABGB regelt nur den allgemeinen Rahmen.** Detaillierte Bestimmungen können durch weitere Rechtsvorschriften geregelt sein.
* **Der Umfang des Werkvertrages kann sich je nach Branche unterscheiden.** Im Bereich der Architektur beispielsweise ist es üblich, dass der Architekt auch als Bauleiter fungiert.
* **Die Einhaltung bestimmter Anforderungen ist wichtig.** Zum Beispiel muss der Auftraggeber die Baugenehmigung vor Beginn der Arbeiten erhalten.


**Zusätzliche Informationen:**","Die Verpflichtung zur Herstellung eines Werkes gegen Entgelt (Erfolgshaftung).","ABGB § 1165","1","1","1","3","3","1","[ABGB § 1165] Der Unternehmer ist verpflichtet, das Werk persönlich oder unter seiner persönlichen Verantwortung ausführen zu lassen.
[OGH 5 Ob 12/74 zu ABGB § 1165] Gegenstand des Werkvertrages ist die Herstellung eines Werkes durch einen selbständigen Unternehmer gegen Entgelt.","Die Antwort nennt zwar ein Werk und eine abgrenzbare Leistung, macht daraus aber fälschlich ein Arbeitsverhältnis und verlangt eine Schriftform. Die Erfolgshaftung gegen Entgelt fehlt als Kernpunkt."
"33","ad42e8e403de5a4f","Welche Aspekte der §§ 7–12 KStG sind zu prüfen, wenn eine GmbH 60 % einer anderen GmbH von einem konzernfremden Dritten erwirbt und eine Gruppe bilden möchte?","Wenn eine GmbH 60 % einer anderen GmbH von einem konzernfremden Dritten erwirbt und eine Unternehmensgruppe im Sinne des österreichischen Körperschaftsteuergesetzes (KStG) bilden möchte, sind insbesondere die folgenden Aspekte der §§ 7–12 KStG zu prüfen:

1. **Voraussetzungen für die Bildung einer Unternehmensgruppe (§ 9 KStG)**:
   - Es muss eine Mehrheit der Stimmrechte an der Tochtergesellschaft gehalten werden, was bei einem Erwerb von 60 % gegeben ist.
   - Die Muttergesellschaft muss die Tochtergesellschaft im Sinne des KStG beherrschen, was in der Regel durch die Mehrheit der Stimmrechte gegeben ist.

2. **Konsolidierung (§ 10 KStG)**:
   - Bei der Bildung einer Unternehmensgruppe müssen die Ergebnisse der Tochtergesellschaft in die Steuerbilanz der Muttergesellschaft einfließen. Hierbei sind die Vorschriften zur Konsolidierung zu beachten, insbesondere die Behandlung von Gewinnen und Verlusten.

3. **Verlustverrechnung (§ 12 KStG)**:
   - Es ist zu prüfen, ob Verluste der Tochtergesellschaft mit den Gewinnen der Muttergesellschaft verrechnet werden können. Hierbei sind die Regelungen zur Verlustverrechnung innerhalb einer Unternehmensgruppe zu beachten.

4. **Steuerliche Behandlung von Dividenden (§ 7 KStG)**:
   - Die steuerliche Behandlung von Dividenden, die von der","§ 7 Abs. 3 KStG: Einkommensermittlung beider Körperschaften als Gewerbebetrieb (Gewerblichkeitsfiktion). § 9 Abs. 2–5 KStG: Gruppenvoraussetzungen (mittelbare oder unmittelbare Beteiligung > 50 %; unbeschränkt steuerpflichtige Kapitalgesellschaften oder vergleichbare nicht unbeschränkt steuerpflichtige Kapitalgesellschaften, die in einem Mitgliedstaat der Europäischen Union ode in einem Staat, mit dem umfassende Amtshilfe besteht, ansässig sind und ausschließlich mit unbeschränkt steuerpflichtigen Gruppenmitgliedern oder mit dem Gruppenträger finanziell verbunden sind; die finanzielle Verbindung muss während des gesamten Wirtschaftsjahres des jeweiligen Gruppenmitglieds vorliegen). § 9 Abs. 6 Z 4 KStG: Vorgruppenverluste nur gegen eigenen Gewinn. § 11 Abs. 1 Z 4 KStG: Zinsen abzugsfähig (konzernfremder Verkäufer → kein § 12 Abs. 1 Z 9). § 9 Abs. 7 KStG: Nach Beitritt keine Teilwertabschreibungen mehr.","§ 7 Abs. 3; § 9 Abs. 2–5, Abs. 6 Z 4, Abs. 7; § 11 Abs. 1 Z 4; § 12 Abs. 1 Z 9 KStG 1988","2","1","2","2","4","1","[KStG § 7 Abs. 3] Bei Steuerpflichtigen, die auf Grund der Rechtsform nach unternehmensrechtlichen Vorschriften zur Rechnungslegung verpflichtet sind, sind alle Einkünfte (§ 2 Abs. 3 EStG 1988) den Einkünften aus Gewerbebetrieb (§ 23 Z 1 EStG 1988) zuzurechnen.
[KStG § 9 Abs. 4] Als finanziell verbundene Körperschaften gelten solche, bei denen die beteiligte Körperschaft unmittelbar mehr als 50 % des Grund-, Stamm- oder Genossenschaftskapitals und der Stimmrechte der Beteiligungskörperschaft besitzt.
[KStG § 9 Abs. 5] Die finanzielle Verbindung muss während des gesamten Wirtschaftsjahres des jeweiligen Gruppenmitgliedes vorliegen.
[KStG § 11 Abs. 1 Z 4; § 12 Abs. 1 Z 9] Zinsen für Beteiligungserwerbe sind grundsätzlich abzugsfähig; konzerninterne Anteilserwerbe unterliegen jedoch dem Abzugsverbot des § 12 Abs. 1 Z 9.","Einige Gruppenthemen werden angesprochen, aber mehrere Paragraphen werden falsch eingeordnet. Besonders § 10 als Konsolidierung und § 7 als Dividendenregel passen nicht; wichtige Punkte aus § 11 und § 12 fehlen."
"34","b03fa518e0dcea2b","Ein Steuerpflichtiger betreibt seit fünf Jahren eine kleine Pferdezucht. Bisher wurden nur Verluste erzielt, und eine objektive Prognose zeigt, dass auch in Zukunft kein Gesamtwertüberschuss zu erwarten ist. Der Steuerpflichtige führt die Zucht jedoch aus persönlicher Leidenschaft fort. Handelt es sich hierbei um Einkünfte aus Gewerbebetrieb im Sinne des § 23 EStG?","Um die Frage zu beantworten, müssen wir zunächst prüfen, ob die Pferdezucht als Gewerbebetrieb im Sinne des § 23 EStG anzusehen ist.

Ein Gewerbebetrieb ist nach § 18 Abs. 1 EStG eine selbstständige Tätigkeit, die mit der Absicht betrieben wird, durch sie Einkünfte zu erzielen. Die Absicht, Einkünfte zu erzielen, ist jedoch nicht nur an die wirtschaftliche Motivation gebunden, sondern auch an die Art und Weise, wie die Tätigkeit ausgeübt wird.

In diesem Fall führt der Steuerpflichtige die Pferdezucht aus persönlicher Leidenschaft fort, obwohl er bisher nur Verluste erzielt hat und keine objektive Prognose auf einen Gesamtwertüberschuss hindeutet. Dies deutet darauf hin, dass die Pferdezucht nicht als Gewerbebetrieb im Sinne des § 23 EStG anzusehen ist.

Die persönliche Leidenschaft und die fehlende wirtschaftliche Motivation sprechen gegen die Annah","Nein, es handelt sich nicht um Einkünfte aus Gewerbebetrieb, sondern um steuerlich unbeachtliche Liebhaberei. Für einen Gewerbebetrieb nach § 23 EStG ist unter anderem eine Gewinnerzielungsabsicht erforderlich. Da hier objektiv kein Gesamterfolg (Totalgewinn) zu erwarten ist und die Tätigkeit aus persönlichen Neigungen fortgeführt wird, fehlt dieses konstitutive Merkmal.","§ 23 EStG 1988","4","1","3","3","4","1","[EStG § 23 Z 1] Einkünfte aus Gewerbebetrieb sind Einkünfte aus einer selbständigen, nachhaltigen Betätigung, die mit Gewinnabsicht unternommen wird und sich als Beteiligung am allgemeinen wirtschaftlichen Verkehr darstellt, wenn die Betätigung weder als Land- und Forstwirtschaft noch als selbständige Arbeit anzusehen ist.","Das Ergebnis Liebhaberei stimmt. Die Begründung verweist aber auf § 18 Abs. 1 EStG als angebliche Gewerbebetriebsdefinition, was falsch ist; dadurch ist der Normbezug schwach."
"35","b0c8dafacd05ccdb","„Ein Kunde übergibt einem Schneider Stoff zur Anfertigung eines Anzugs. Der Schneider gibt ihm jedoch einen bereits fertigen, gleichartigen Anzug aus seinem Bestand und verrechnet einen festen Werklohn. Wie ist die Leistung zu beurteilen?“","Die Leistung wird in der Regel als „Fertigprodukt- oder Handwerkserwerb” beurteilt.","„Als sonstige Leistung (Werkleistung), da ein gleichartiger Gegenstand überlassen wird und das Entgelt unabhängig vom Wertunterschied als Werklohn berechnet wird.“","§ 3a Abs. 3 UStG 1994","1","0","1","1","3","1","[UStG § 3a Abs. 3] Überlässt ein Unternehmer einem Auftraggeber, der ihm einen Stoff zur Herstellung eines Gegenstandes übergeben hat, an Stelle des herzustellenden Gegenstandes einen gleichartigen Gegenstand, wie er ihn in seinem Unternehmen aus solchem Stoff herzustellen pflegt, so gilt die Leistung des Unternehmers als sonstige Leistung (Werkleistung), wenn das Entgelt für die Leistung nach Art eines Werklohnes unabhängig vom Unterschied zwischen dem Marktpreis des empfangenen Stoffes und dem des überlassenen Gegenstandes berechnet wird.","Die Antwort bleibt bei einer sehr vagen Bezeichnung stehen und erklärt die Werkleistung nicht. Der entscheidende Punkt, dass ein gleichartiger Gegenstand überlassen und ein Werklohn verrechnet wird, fehlt."
"36","b0e6cdd96d7a1f7a","Ein Käufer erwirbt ein Grundstück, auf dem er sich verpflichtet, innerhalb von zwei Jahren ein Haus durch einen vom Verkäufer bestimmten Generalunternehmer bauen zu lassen (Bauherrenmodell). Worauf wird die Steuer berechnet?","Als Experte für österreichisches Steuerrecht kann ich Ihnen sagen, dass bei der Berechnung des Steuersatzes im Bauherrenmodell in Österreich verschiedene Faktoren berücksichtigt werden müssen:

**1. Grundstückskauf:** 
* Der Kaufpreis des Grundstücks ist relevant und wird als **Grundsteuer** betrachtet.  
* Es gibt keine separate Steuerpflicht für den Kauf eines Grundstücks mit Bauvorhaben.

**2. Baukosten:** 
* Die Kosten für den Bau des Hauses fallen unter die **Bauabgaben**. Diese Abgabe gilt nicht nur für den Bau selbst, sondern auch für die Baugenehmigung, die Planungskosten etc.
* In diesem Fall sind die Baukosten nach § 34a Einkommenssteuergesetzbuch (EStG) abzugsfähig.

**3. Bauherrschaft:** 
* Als Bauherr haftet der Käufer für die gesamten Baukosten.
* Er zahlt die Bauabgaben an das Finanzamt.


**Wichtig:** 
* Es ist wichtig zu beachten, dass es sich um eine komplexere Situation handelt, da viele Details und Sonderfälle existieren. 
* Eine genaue Berechnung der Steuerpflichten erfordert daher eine detaillierte Analyse der individuellen Situation. 
* Ich empfehle dringend, sich professionellen Steuerberatern zu wenden, um eine individuelle Beratung zu erhalten.



**Zusätzliche Punkte:**
* **Abzug von Baukosten:** Der Bauherr kann die Baukosten bis zum Ende des Kalender","In diesem Fall umfasst die Gegenleistung gemäß § 5 Abs. 1 Z 1 GrEStG nicht nur den Grundpreis, sondern auch die Baukosten des Hauses. Da der Käufer an ein fertiges Projekt gebunden ist, gilt das Gebäude als miterworben.","§ 5 Abs. 1 Z 1 GrEStG 1987","1","0","1","2","2","1","[GrEStG § 5 Abs. 1 Z 1] Gegenleistung ist bei einem Kauf der Kaufpreis einschließlich der vom Käufer übernommenen sonstigen Leistungen und der dem Verkäufer vorbehaltenen Nutzungen.","Die Antwort verwechselt die Grunderwerbsteuer mit Grundsteuer und Bauabgaben. Die Einbeziehung der Baukosten in die grunderwerbsteuerliche Gegenleistung wird nicht erkannt."
"37","b179b368bee6111e","Herr Ritter ist stiller Gesellschafter an einem Handelsunternehmen. In Jahr 1 erzielt er einen Verlustanteil von 8.000 Euro, in Jahr 2 einen Gewinnanteil von 3.000 Euro. Zusätzlich hat er in Jahr 2 Dividendeneinkünfte aus Aktien von 10.000 Euro. Wie ist der Verlust aus Jahr 1 zu behandeln, und kann er in Jahr 2 mit den Dividenden verrechnet werden?","Der Verlust aus Jahr 1 kann nur dann mit den Dividenden aus Jahr 2 verrechnet werden, wenn die Verluste aus Jahr 1 als ausgleichsfähige Verluste in Höhe der Dividenden in Jahr 2 gelten. Dieses Regelungsmuster ist in den Angaben unter ""Wartetastenverluste"" (Punkt 4) beschrieben.  Nach","Verlustanteile aus der Beteiligung als stiller Gesellschafter dürfen gemäß § 27 Abs. 8 Z 2 EStG 1988 nicht mit anderen Einkünften ausgeglichen werden – auch nicht mit anderen Einkünften aus Kapitalvermögen wie Dividenden. Der Verlust von 8.000 Euro aus Jahr 1 ist daher ausschließlich in Folgejahren mit Gewinnanteilen aus derselben stillen Beteiligung zu verrechnen. In Jahr 2 können von dem Gewinnanteil von 3.000 Euro aus der stillen Beteiligung 3.000 Euro des Vorjahresverlustes verrechnet werden; der verbleibende Verlustvortrag beträgt 5.000 Euro. Eine Verrechnung des Verlustes mit den Dividendeneinkünften von 10.000 Euro ist nicht zulässig.","§ 27 Abs. 8 Z 2 EStG 1988","1","1","1","1","2","0","[EStG § 27 Abs. 8 Z 2] Verlustanteile aus Beteiligungen als stiller Gesellschafter dürfen nicht mit anderen Einkünften ausgeglichen werden; sie sind in Folgejahren mit Gewinnanteilen aus derselben Beteiligung zu verrechnen.","Die Antwort bleibt abgebrochen und gibt keine klare Lösung. Vor allem fehlt, dass der Verlust nicht mit Dividenden, sondern nur mit späteren Gewinnanteilen aus derselben stillen Beteiligung verrechnet werden darf."
"38","b1c911b68da26061","Ein deutscher Staatsbürger erbt ein Grundstück in Österreich. Das Nachlassverfahren läuft in Deutschland, und am 10. März 2025 wird ein Europäisches Nachlasszeugnis ausgestellt. Bis wann muss die Abgabenerklärung in Österreich eingereicht werden?","Die Abgabenerklärung für die Erbschaftssteuer in Österreich muss innerhalb von drei Monaten nach Ablauf des Todesjahres eingereicht werden, wenn das Nachlassverfahren im Ausland durchgeführt wird und ein Europäisches Nachlasszeugnis ausgestellt wurde (§ 29 Abs. 3 ErbStG). Da das Europäische Nachlasszeugnis am 10. März 2025 ausgestellt wurde, ist dies jedoch für die Fristberechnung nicht relevant. Die Frist beginnt mit dem Todestag des Erblassers, der jedoch nicht genannt ist. 

Wenn wir jedoch davon ausgehen, dass der Erblass","Die Abgabenerklärung muss bis 15. Mai 2025 beim Finanzamt Österreich eingereicht werden. Gemäß § 10 Abs. 1a GrEStG sind Erwerbsvorgänge, die nicht nach einem inländischen Verlassenschaftsverfahren abgewickelt werden und unter Vorlage eines gültigen Europäischen Nachlasszeugnisses nachgewiesen werden, bis zum 15. Tag des auf den Kalendermonat, in dem das Zeugnis ausgestellt wurde, zweitfolgenden Monats anzuzeigen. Ausstellung: März → zweitfolgender Monat: Mai → Frist: 15. Mai 2025.","§ 10 Abs. 1a GrEStG 1987","1","0","1","2","3","1","[GrEStG § 10 Abs. 1a] Erwerbsvorgänge, die nicht nach einem inländischen Verlassenschaftsverfahren abgewickelt werden und unter Vorlage eines gültigen Europäischen Nachlasszeugnisses nachgewiesen werden, sind bis zum 15. Tag des auf den Kalendermonat der Ausstellung zweitfolgenden Monats anzuzeigen.","Die Antwort verwendet eine unpassende Erbschaftsteuerlogik und kommt nicht zur Frist 15. Mai 2025. Maßgeblich ist der 15. Tag des zweitfolgenden Monats nach Ausstellung des Nachlasszeugnisses."
"39","b21922bf6946f6f4","Ein Versicherungsmakler vermittelt in seiner Freizeit regelmäßig Immobilien an Bekannte und erhält hierfür von den jeweiligen Immobilienbüros eine Tippgeber-Provision. Er schaltet keine Inserate, nutzt aber sein berufliches Netzwerk intensiv, um Käufer und Verkäufer zusammenzubringen. Im letzten Jahr erzielte er so fünf Provisionen. Sind diese Einkünfte als Einkünfte aus Gewerbebetrieb gemäß § 23 EStG zu werten?","Ja, gemäß § 23 Absatz 1 Einkommensteuergesetz (EStG) gelten die Einkünfte aus dem Versicherungsmaklergeschäft als Einkünfte aus Gewerbebetrieb. Dies gilt auch für den Fall, dass die Tätigkeit nur in der Freizeit ausgeübt wird.<end_of_turn>","Ja, es handelt sich um Einkünfte aus Gewerbebetrieb gemäß § 23 EStG. Die Tätigkeit ist selbstständig und wird mit Gewinnerzielungsabsicht ausgeübt. Durch die Regelmäßigkeit (fünf Vermittlungen) ist das Merkmal der Nachhaltigkeit erfüllt. Zudem beteiligt er sich am wirtschaftlichen Verkehr, da er seine Vermittlungsleistung am Markt (gegenüber Immobilienbüros) anbietet. Es liegt keine bloße private Gefälligkeit mehr vor.","§ 23 EStG 1988","3","2","2","2","4","0","[EStG § 23 Z 1] Einkünfte aus Gewerbebetrieb sind Einkünfte aus einer selbständigen, nachhaltigen Betätigung, die mit Gewinnabsicht unternommen wird und sich als Beteiligung am allgemeinen wirtschaftlichen Verkehr darstellt, wenn die Betätigung weder als Land- und Forstwirtschaft noch als selbständige Arbeit anzusehen ist.","Die Schlussfolgerung geht in die richtige Richtung, aber die Begründung bleibt oberflächlich. Nachhaltigkeit, Gewinnerzielungsabsicht und Beteiligung am wirtschaftlichen Verkehr werden nicht sauber ausgearbeitet."
"40","b243b598c07d70dd","Mitarbeiterin B pendelt jeden Tag 25 km zu ihrem Arbeitsplatz. Die Nutzung öffentlicher Verkehrsmittel für diese Strecke ist zumutbar. Die Mitarbeiterin beantragt die volle Pendlerpauschale. Steht ihr diese zu?","Die Pendlerpauschale gilt für Mitarbeiter, die täglich mindestens 50 km zur Arbeitsstelle zurücklegen (§ 3 Abs 1 EStG). Da die Mitarbeiterin B nur 25 km täglich zurücklegt, ist sie nicht berechtigt, die volle Pendlerpauschale zu erhalten.","Laut § 16 Abs. 1 Z 6 lit. c EStG steht ihr, da die Entfernung über 20 km beträgt und die Nutzung öffentlicher Verkehrsmittel zumutbar ist, nur die halbe Pendlerpauschale zu. Die volle Pendlerpauschale würde nur zustehen, wenn wie in § 16 Abs. 1 Z 6 lit. d EStG beschrieben, der Großteil der Strecke mit den öffentlichen Verkehrsmittel nicht zumutbar ist.","§ 16 Abs. 1 Z 6 lit. c EStG
§ 16 Abs. 1 Z 6 lit. d EStG","2","0","1","2","4","1","[EStG § 16 Abs. 1 Z 6 lit. c] Bei einer Entfernung von mindestens 20 km steht das Pendlerpauschale zu, wenn die Benützung eines Massenbeförderungsmittels zumutbar ist.
[EStG § 16 Abs. 1 Z 6 lit. d] Ist die Benützung eines Massenbeförderungsmittels zumindest hinsichtlich der halben Entfernung nicht zumutbar, steht das große Pendlerpauschale zu.","Das Nein zur vollen Pendlerpauschale stimmt, aber die Begründung ist falsch. Es geht nicht um eine 50-km-Grenze, sondern um kleine oder große Pendlerpauschale je nach Zumutbarkeit öffentlicher Verkehrsmittel."
"41","b2777c1fc1069c7b","Ein ausgezeichneter Nachhilfelehrer baut sein Einzelunternehmen stark aus. Er unterrichtet selbst gar nicht mehr, sondern beschäftigt mittlerweile 20 angestellte Lehrer, für die er lediglich die Terminplanung und Abrechnung übernimmt. Er meint, Unterrichten sei ein freier Beruf. Liegt Gewerbebetrieb vor?","Ja, das Gewerbebetrieb liegt vor. Das Unternehmen des Nachhilflehrers ist eine Einrichtung, die wirtschaftlich selbständig ist und ausschließlich oder überwiegend einer nachhaltigen privatwirtschaftlichen Tätigkeit von wirtschaftlichem Gewicht dient. Es ist auch klar, dass die Tätigkeit der Einrichtung als Gewerbebetrieb gilt. Die Tatsache, dass der Nachhilflehrer selbst nicht mehr unterrichtet, sondern nur die Terminplanung und Abrechnung übernimmt, ist irrelevant. Es ist entscheidend, dass die Tätigkeit in einem gewerblichen Sinne durchgeführt wird und wirtschaftliche E","Ja, es liegt nun ein Gewerbebetrieb nach § 23 Z 1 EStG vor. Eine unterrichtende Tätigkeit ist nur dann selbstständige Arbeit (freier Beruf), wenn der Steuerpflichtige selbst unterrichtet oder aufgrund seiner Fachkenntnisse leitend und eigenverantwortlich tätig wird. Beschränkt sich seine Tätigkeit auf die reine kaufmännische Organisation fremder Arbeitskräfte, kippt die Einkunftsart in einen Gewerbebetrieb.","§ 23 EStG 1988","4","2","3","3","3","0","[EStG § 23 Z 1] Einkünfte aus Gewerbebetrieb sind Einkünfte aus einer selbständigen, nachhaltigen Betätigung, die mit Gewinnabsicht unternommen wird und sich als Beteiligung am allgemeinen wirtschaftlichen Verkehr darstellt, wenn die Betätigung weder als Land- und Forstwirtschaft noch als selbständige Arbeit anzusehen ist.","Das Ergebnis Gewerbebetrieb stimmt. Die Antwort nennt aber ausgerechnet die fehlende eigene Unterrichtstätigkeit als irrelevant, obwohl diese für die Abgrenzung zur selbständigen Arbeit wichtig ist."
"42","b3ad670865123e1a","Wann ist eine Sicherheitseinrichtung für Registrierkassen verpflichtend?","wort: Die Sicherheitseinrichtungen sind für Registrierkassen verpflichtet, wenn sie sich in der Lage befinden, die Registrierkasse zu überprüfen. 1.2 Das Bundesgericht hat im Urteil 4A_308/2015 vom 29. Januar 2016 entschieden, dass die Sicherheitsbehörden des Kantons Zürich als Sicherheitseinrichtungen für Registrierkassen verpflichtet seien (nachfolgend: 4A_308/2015). Es hat festgestellt, dass die Sicherheitsbehörde des Kantons Zürich bei der Überprüfung der Registrierkasse nicht nur die","Seit 1. April 2017 muss jede Registrierkasse über einen Manipulationsschutz (Signatur) verfügen.","RKS-V § 6","0","0","0","1","2","1","[RKS-V § 6 Abs. 1] Die Inbetriebnahme der Sicherheitseinrichtung für die Registrierkasse besteht aus der Einrichtung des Datenerfassungsprotokolls und der Ablage der Kassenidentifikationsnummer als Bestandteil der zu signierenden Daten des ersten Barumsatzes mit Betrag Null (Startbeleg).","Die Antwort ist fast vollständig themenfremd und verweist auf ein Schweizer Urteil. Zur österreichischen Registrierkassensicherheit und zum Manipulationsschutz wird nichts Verwertbares gesagt."
"43","b3cbcc2e8e664fee","Ein in Deutschland ansässiger beschränkt steuerpflichtiger Arbeitnehmer erzielt Bezüge aus einer Tätigkeit im Sinne des § 99 Abs. 1 Z 1 EStG 1988 und teilt dem Arbeitgeber unmittelbar zusammenhängende Werbungskosten vor Auszahlung mit. Kann der Arbeitgeber diese Werbungskosten bereits beim Lohnsteuerabzug abziehen?","Ja, der Arbeitgeber kann die Werbungskosten beim Lohnsteuerabzug abziehen, wenn sie insgesamt mehr als 132 Euro pro Jahr sind.","Ja, nach § 70 Abs. 2 Z 2 EStG 1988. Bei solchen Bezügen können unmittelbar zusammenhängende Werbungskosten abgezogen werden, wenn sie ein in einem EU- oder EWR-Staat ansässiger beschränkt steuerpflichtiger Arbeitnehmer dem Arbeitgeber vor Zufließen der Bezüge schriftlich mitteilt. Die Lohnsteuer beträgt dann 20% der zugeflossenen Einkünfte bis 20.000 Euro und 25% für den übersteigenden Teil.","§ 70 Abs. 2 Z 2 EStG 1988","2","1","1","2","4","1","[EStG § 70 Abs. 2 Z 2] Mit den Bezügen unmittelbar zusammenhängende Werbungskosten können vom vollen Betrag der Bezüge abgezogen werden, wenn sie ein in einem EU- oder EWR-Staat ansässiger beschränkt steuerpflichtiger Arbeitnehmer dem Arbeitgeber vor Zufließen der Bezüge schriftlich mitteilt.","Die Grundantwort Ja passt, aber die 132-Euro-Grenze ist nicht gedeckt. Die Voraussetzungen EU/EWR-Ansässigkeit, schriftliche Mitteilung und die Lohnsteuersätze fehlen."
"44","b3d14c21fae88689","Eine Unternehmensstiftung zahlt ehemaligen Mitarbeitern, die über 30 Jahre beschäftigt waren, jährlich einen „Treuebonus“. Ist das steuerpflichtig?","wort: Ja. A.- Die Steuerverwaltung des Kantons Zürich veranlagte A., B. und C. für den Jahresabschluss 1985 mit einer Steuer von Fr. 2'476.--. Sie stellte fest, dass die beiden ersten Mitarbeiter der Unternehmung in der Zeit vom 1. Januar bis 31. Dezember 1985 als ""Stiefleuten"" im Sinne von Art. 1 Abs. 1 lit. a des Bundesgesetzes über die Steuerpflichtige (BStP) bezeichnet worden seien; sie hätten sich somit als Steuerpflichtige ausgewiesen. Dagegen habe die zweite Mitarbeiterin,","Ja. Solche Zahlungen einer betrieblichen Privatstiftung, die in Zusammenhang mit früheren Dienstverhältnissen stehen, gelten als Einkünfte aus nichtselbständiger Arbeit.","§ 25 Abs. 1 Z 2 lit. c EStG 1988","1","0","0","1","1","1","[EStG § 25 Abs. 1 Z 2 lit. c] Bezüge und Vorteile aus betrieblichen Privatstiftungen oder Unternehmensstiftungen, die mit einem früheren Dienstverhältnis zusammenhängen, zählen zu den Einkünften aus nichtselbständiger Arbeit.","Die Antwort ist aus einer fremden Rechtsordnung übernommen und kaum auf den Fall bezogen. Zwar lautet das Ergebnis zufällig Ja, aber der Bezug zu Unternehmensstiftungen und früherem Dienstverhältnis fehlt."
"45","b42d68bc17e98858","Ein Sammler kauft systematisch originalverpackte Lego-Sets auf, von denen bekannt ist, dass sie bald vom Markt genommen werden (End of Life). Er lagert diese über mehrere Jahre in einem trockenen Keller und verkauft sie nach und nach mit einem Aufschlag von 150 % über Online-Marktplätze, um mit dem Erlös neue Investitionen zu tätigen. Er führt jährlich etwa 25 solcher Verkäufe durch. Ist diese Tätigkeit als private Vermögensverwaltung oder als Gewerbebetrieb gemäß § 23 EStG einzustufen?","Diese Tätigkeit kann als private Vermögensverwaltung gemäß § 19 Abs. 1 Z 1 EStG eingestuft werden, da der Sammler die Lego-Sets systematisch anlegt, um einen Wertzuwachs zu erzielen, und diese nicht in erheblichem Umfang (hier: 25 Verkäufe pro Jahr) veräußert. Die Verkäufe dienen der Finanzierung neuer Investitionen, was auf eine private Vermögensverwaltung hindeutet.","Es liegt ein Gewerbebetrieb gemäß § 23 EStG vor. Die Tätigkeit ist selbstständig, durch die Regelmäßigkeit (25 Verkäufe pro Jahr) nachhaltig und von einer klaren Gewinnerzielungsabsicht geprägt. Da der Sammler planmäßig Marktsituationen (Verknappung nach Produktionsstopp) ausnutzt und seine Waren einem unbestimmten Personenkreis auf Handelsplattformen anbietet, beteiligt er sich am allgemeinen wirtschaftlichen Verkehr. Dies überschreitet den Rahmen einer bloßen privaten Sammlertätigkeit.","§ 23 EStG 1988","1","1","1","2","4","1","[EStG § 23 Z 1] Einkünfte aus Gewerbebetrieb sind Einkünfte aus einer selbständigen, nachhaltigen Betätigung, die mit Gewinnabsicht unternommen wird und sich als Beteiligung am allgemeinen wirtschaftlichen Verkehr darstellt, wenn die Betätigung weder als Land- und Forstwirtschaft noch als selbständige Arbeit anzusehen ist.","Die Antwort kommt zum falschen Ergebnis. Gerade die planmäßigen Käufe, regelmäßigen Verkäufe, Gewinnerzielungsabsicht und Marktteilnahme sprechen für einen Gewerbebetrieb."
"46","b4414b8ea6fd00a7","In welchem Veranlagungsjahr wird der Gewinn eines abweichenden Wirtschaftsjahres erfasst?","Der Gewinn, der aus einer abweichenden Laufzeit von mehr als 12 Monaten, also aus einem Wirtschaftsjahr, das vor dem 1. Januar des nächsten Jahres beginnt oder endet, stammt, muss in dem Veranlagungsjahr erfasst werden, in dem das Wirtschaftsjahr endet.  Beispiel: Wenn das abweichende Wirtschaftsjahr vom","In dem Kalenderjahr, in dem das Wirtschaftsjahr endet (§ 7 Abs. 5 KStG).","§ 7 Abs. 5 KStG 1988","4","3","3","3","3","0","[KStG § 7 Abs. 5] Gewinnermittlungszeitraum ist das Wirtschaftsjahr. Das Wirtschaftsjahr deckt sich grundsätzlich mit dem Kalenderjahr; bei abweichendem Wirtschaftsjahr ist der Gewinn bei der Einkommensermittlung für jenes Kalenderjahr zu berücksichtigen, in dem das Wirtschaftsjahr endet.","Die Kernaussage stimmt: Der Gewinn gehört in das Veranlagungsjahr, in dem das Wirtschaftsjahr endet. Die Formulierung ist aber unsauber und das Beispiel bricht ab."
"47","b4e6439391e1f94f","Herr Frank hält im Privatvermögen Unternehmensanleihen bei einer österreichischen Bank. Er überträgt diese im Rahmen einer Umgründung (Einbringung seines Einzelunternehmens in eine GmbH gemäß UmgrStG) in das Betriebsvermögen der neu gegründeten GmbH. Er beauftragt die depotführende Stelle, dem Finanzamt innerhalb eines Monats die Daten zu melden. Gilt die Übertragung als Veräußerung?","Nein, die Übertragung der Unternehmensanleihen ist keine Veräußerung, da sie im Rahmen einer Umgründung erfolgt.","Nein. Gemäß § 27 Abs. 6 Z 2 EStG 1988 liegt keine Veräußerung vor bei der Übertragung im Zuge einer Umgründung im Sinne des Umgründungssteuergesetzes, wenn der Steuerpflichtige die depotführende Stelle beauftragt, dem zuständigen Finanzamt innerhalb eines Monats seinen Namen, seine Steuer- oder Sozialversicherungsnummer, die übertragenen Wirtschaftsgüter, deren Anschaffungskosten und die Empfängerstelle mitzuteilen. Da Herr Frank diese Voraussetzungen erfüllt, gilt die Depotübertragung nicht als Veräußerung. Die steuerlichen Anschaffungskosten werden im Rahmen der Umgründung nach den Vorschriften des UmgrStG fortgeführt.","§ 27 Abs. 6 Z 2 EStG 1988","4","3","3","2","5","0","[EStG § 27 Abs. 6 Z 2] Keine Veräußerung liegt bei der Übertragung im Zuge einer Umgründung im Sinne des Umgründungssteuergesetzes vor, wenn die depotführende Stelle beauftragt wird, dem zuständigen Finanzamt innerhalb eines Monats Name, Steuer- oder Sozialversicherungsnummer, übertragene Wirtschaftsgüter, Anschaffungskosten und Empfängerstelle mitzuteilen.","Das Ergebnis stimmt, weil eine begünstigte Übertragung im Zuge einer Umgründung vorliegt. Die Antwort nennt aber die Meldevoraussetzungen und die Fortführung der Anschaffungskosten nicht."
"48","b564564d823b0297","Kann ein DBA nach österreichischer Methodik eine nach innerstaatlichem Recht bestehende Steuerpflicht einschränken?","Das Methodiker bietet nach einigen verhinderten Methodiker, und das Lieder, das Leiter, das Durchführung, das Bewegung einer Zweckförder können, ist, ein Wichtige Möglichkeit auf den Zweckförder können, als durch diese Methodiker wied","Ja. Ergibt das innerstaatliche Recht zunächst eine Steuerpflicht, ist danach nach EStR 2000 Rz 33 zu prüfen, ob das DBA das österreichische Besteuerungsrecht einschränkt.","EStR 2000 Rz 33","0","0","0","0","0","0","[EStR 2000 Rz 33] Ergibt sich nach innerstaatlichem Recht eine Steuerpflicht, ist in einem weiteren Schritt zu prüfen, ob ein Doppelbesteuerungsabkommen das österreichische Besteuerungsrecht einschränkt.","Die Antwort ist sprachlich unverständlich und beantwortet die DBA-Frage nicht. Der Prüfungsaufbau innerstaatliches Recht zuerst, danach Einschränkung durch DBA, fehlt vollständig."
"49","b5769fac66ac4716","Eine Person bezieht sowohl eine gesetzliche österreichische Pension als auch zusätzliche Unterstützungsleistungen aus einer Kammer‑Versorgungseinrichtung. Werden beide gleich versteuert?","Nein, die gesetzliche österreichische Pension wird grundsätzlich nicht versteuert, während die zusätzlichen Unterstützungsleistungen aus einer Kammer-Versorgungseinrichtung als Einkünfte aus nicht selbstständiger Arbeit versteuert werden müssen.","Ja. Beide zählen zu den Einkünften aus nichtselbständiger Arbeit, solange sie auf dienstbezogenen Ansprüchen beruhen.","§ 25 Abs. 1 Z 3 lit. a und b EStG 1988","1","1","1","2","4","1","[EStG § 25 Abs. 1 Z 3 lit. a und b] Zu den Einkünften aus nichtselbständiger Arbeit zählen Pensionen aus der gesetzlichen Sozialversicherung sowie vergleichbare Bezüge aus Versorgungs- und Unterstützungseinrichtungen der Kammern, soweit sie auf dienstbezogenen Ansprüchen beruhen.","Die Antwort ist falsch, weil auch die gesetzliche Pension steuerpflichtige Einkünfte aus nichtselbständiger Arbeit darstellen kann. Die unterschiedliche Behandlung wird nicht zutreffend begründet."
"50","b5c569a3b3a73d79","Ein Käufer erwirbt ein Grundstück. Zusätzlich zahlt er an einen Dritten einen Geldbetrag dafür, dass dieser auf sein eigenes Interesse am Erwerb des Grundstückes verzichtet. Gehört diese Zahlung an den Dritten zur grunderwerbsteuerlichen Gegenleistung?","bsteuerlichen Gegenleistung? Antwort: Ja. Erwägungen Aus den Erwägungen: 2. Die Beschwerdeführerin macht geltend, der Gesetzgeber habe in Art. 14 Abs. 3 lit. a des Bundesgesetzes über die Einführung einer neuen Rechtsprechungsleitung vom 6. Oktober 1975 (ErlG) eine Regelung getroffen, wonach die Grundeigentümerin für ihre eigenen Anlagen und Betriebe nicht nur mit dem Vertrag zwischen dem Eigentümer und dem Dritten, sondern auch mit demjenigen zwischen dem Dritten und einem andern Grundeigentümer verpflichtet sei. Diese Regelung sei im vorliegenden Fall nicht angewendet worden","Ja. Der Gegenleistung sind gemäß § 5 Abs. 3 Z 1 GrEStG 1987 auch Leistungen hinzuzurechnen, die der Erwerber des Grundstückes anderen Personen als dem Veräußerer als Gegenleistung dafür gewährt, dass sie auf den Erwerb des Grundstückes verzichten. Diese Zahlung erhöht daher die maßgebliche Gegenleistung.","§ 5 Abs. 3 Z 1 GrEStG 1987","3","1","1","2","2","1","[GrEStG § 5 Abs. 3 Z 1] Der Gegenleistung sind Leistungen hinzuzurechnen, die der Erwerber des Grundstückes anderen Personen als dem Veräußerer als Gegenleistung dafür gewährt, dass sie auf den Erwerb des Grundstückes verzichten.","Das Ergebnis Ja ist im Kern richtig, aber der gesamte Begründungsteil ist sachfremd und wirkt aus einer anderen Rechtsordnung übernommen. Der konkrete Tatbestand des Verzichts auf Erwerbsinteresse wird nicht erklärt."
"51","b5e560c4bb9a75e3","""Ein Wiener Musiker überträgt die Rechte an einem Lied an einen Fan in Australien. Wo liegt der Leistungsort?""","Bei der Übertragung von Rechten an einem Lied handelt es sich um eine sonstige Leistung im Sinne des Umsatzsteuergesetzes (UStG). Der Leistungsort für sonstige Leistungen ist in § 3 Abs. 6 UStG geregelt. 

Laut § 3 Abs. 6 UStG gilt als Leistungsort der Ort, an dem der Leistungsempfänger seinen Sitz oder seine Betriebsstätte hat. Wenn der Leistungsempfänger weder einen Sitz noch eine Betriebsstätte hat, gilt der Leistungsort als der Ort, an dem der Leistungsempfänger seinen Wohnsitz oder gewöhnlichen Aufenthalt hat.

In diesem Fall liegt der Leistungsort somit in Australien, da der Fan (Leistungsempfänger) seinen Wohnsitz dort hat. Der Wiener Musiker muss daher die Umsatzsteuer in Österreich nicht entrichten, es sei denn, es gibt besondere Regelungen oder Abkommen zwischen Österreich und Australien, die dies betreffen. Es ist jedoch ratsam, die spezifischen umsatzsteuerlichen Regelungen und mögliche Doppelbesteuerungsabkommen zwischen Österreich und Australien zu prüfen.","""In Australien. Die Übertragung von Urheberrechten an Nichtunternehmer im Drittland folgt dem Empfängerortsprinzip.""","§ 3a Abs. 14 Z 1 UStG 1994","4","1","2","3","4","1","[UStG § 3a Abs. 14 Z 1] Bei sonstigen Leistungen an Nichtunternehmer im Drittlandsgebiet, insbesondere der Einräumung, Übertragung und Wahrnehmung von Urheberrechten, gilt die Leistung an dem Ort als ausgeführt, an dem der Empfänger seinen Wohnsitz, Sitz oder gewöhnlichen Aufenthalt hat.","Das Ergebnis Australien stimmt, aber die Begründung läuft über die falsche Norm. Maßgeblich ist die Sonderregel für Urheberrechte an Nichtunternehmer im Drittland, nicht § 3 Abs. 6 UStG."
"52","b6686a5541498353","Ein Angestellter baut in seiner Freizeit leidenschaftlich gerne detailgetreue Modellflugzeuge. Gelegentlich verkauft er eines an Bekannte, allerdings decken die Verkaufserlöse bei Weitem nicht die teuren Materialkosten. Er macht das rein aus Freude am Basteln. Liegt ein Gewerbebetrieb nach § 23 EStG vor?","Nach § 23 EStG liegt ein Gewerbebetrieb vor, wenn eine selbständige, nachhaltige Tätigkeit mit der Absicht, Gewinn zu erzielen, ausgeübt wird. Im beschriebenen Fall fehlen jedoch wesentliche Merkmale: Die Tätigkeit des Bastelns in der Freizeit dient primär der privaten Freude, die gelegentlichen Verkäufe an Bekannte sind nicht nachhaltig angelegt und die Verkaufserlöse decken nicht einmal die Kosten. Es besteht keine Gewinnerzielungsabsicht. Daher liegt hier keine gewerbliche Tätigkeit, sondern eine private Liebhaberei vor, die nicht der Einkommensteuer unterliegt.","Nein, es liegt kein Gewerbebetrieb vor. Nach § 23 Z 1 EStG ist eine Gewinnerzielungsabsicht konstitutiv für einen Gewerbebetrieb. Da der Angestellte objektiv dauerhaft Verluste erzielt und die Tätigkeit aus reiner persönlicher Neigung ausübt, handelt es sich um steuerlich unbeachtliche Liebhaberei.","§ 23 EStG 1988","5","4","5","5","5","0","[EStG § 23 Z 1] Einkünfte aus Gewerbebetrieb sind Einkünfte aus einer selbständigen, nachhaltigen Betätigung, die mit Gewinnabsicht unternommen wird und sich als Beteiligung am allgemeinen wirtschaftlichen Verkehr darstellt, wenn die Betätigung weder als Land- und Forstwirtschaft noch als selbständige Arbeit anzusehen ist.","Die Antwort ist überzeugend: Sie nennt die Merkmale des Gewerbebetriebs und erklärt nachvollziehbar, warum Gewinnerzielungsabsicht und Nachhaltigkeit hier fehlen."
"53","b7433ccc4c1c31b0","Firma A stellt seiner Mitarbeiterin ein elektrisch betriebenes Auto zur Verfügung. Die Mitarbeiterin lädt das Auto bei einer öffentlichen Ladestation und gibt ihrem Arbeitgeber den Beleg mit den Kosten in der Höhe von 25 €. Dieser erstattet ihr diese. Liegt ein steuerpflichtiger Sachbezug vor?","Ja, es liegt ein steuerpflichtiger Sachbezug vor. Nach § 5 Abs. 1 Nr. 1 KStG ist Leistung im Sinne des Abgabenrechts, was der Arbeitgeber der Mitarbeiterin mit den 25 € getan hat. Die Frage, ob die Geldbetragspflichtigkeit der Mitarbeiterin mit dem Ladestromkostenbeleg eine Leistung im Sinne des § 7 Abs. 1 Nr. 3 KStG (Mobilität) darstellt, muss getrennt beurteilt werden. (§ 5 Abs. 1 Nr. 1 KStG, § 7 Abs. 1 Nr. 3 KStG)","Nein. Die Erstattung ist steuerfrei, da gemäß § 4c Abs. 1 Z 2 lit. a SachbezugsVO kein Sachbezug anzusetzen ist, wenn die Kosten für das Laden an der öffentlichen Ladestation mit dem Beleg nachgewiesen werden. Der Kostenersatz ist daher vollständig steuerfrei.","§ 4c Abs. 1 Z 2 lit. a SachbezugsVO","1","0","1","2","2","1","[SachbezugsVO § 4c Abs. 1 Z 2 lit. a] Ersetzt oder trägt der Arbeitgeber die Kosten für das Aufladen dieses Kraftfahrzeuges, ist keine Einnahme anzusetzen, wenn die Kosten des Aufladens an einer öffentlichen Ladestation nachgewiesen werden.","Die Antwort kommt zum falschen Ergebnis und stützt sich auf völlig unpassende KStG-Normen. Der Belegnachweis an der öffentlichen Ladestation und die Steuerfreiheit des Kostenersatzes fehlen."
"54","b762f37c60dcb14e","Ein Steuerpflichtiger erbt ein großes Grundstück, parzelliert dieses in acht Bauplätze, lässt diese auf eigene Kosten durch die Gemeinde erschließen (Strom, Wasser, Kanal) und verkauft alle acht Parzellen innerhalb von 12 Monaten einzeln an verschiedene Häuslbauer. Er erzielt dabei einen erheblichen Überschuss. Ist dieser Vorgang als private Vermögensverwaltung oder als Gewerbebetrieb gemäß § 23 EStG einzustufen?","Der Vorgang ist als Gewerbebetrieb gemäß § 23 EStG einzustufen. Die Parzellierung und Erschließung des Grundstücks sowie der Verkauf der Parzellen innerhalb von 12 Monaten an verschiedene Käufer deutet auf eine gewerbliche Tätigkeit hin. 

Nach § 1 Abs. 1 UStG ist ein Unternehmer, wer eine gewerbliche oder berufliche Tätigkeit selbstständig ausübt. Die Ausübung einer gewerblichen Tätigkeit liegt vor, wenn die Tätigkeit mit der Absicht der Nachhaltigkeit und der Erzielung von Einnahmen betrieben wird (§ 2 Abs. 1 UStG).

Im vorliegenden Fall liegt eine gewerbliche Tätigkeit vor, da der Steuerpflichtige das Grundstück parzelliert, erschließt und die Parzellen innerhalb kurzer Zeit verkauft, was auf eine planmäßige und nachhaltige Tätigkeit schließen lässt. Der erhebliche Überschuss, der dabei erzielt wird, unterstützt diese Einordnung. Daher ist der Vorgang als Gewerbebetrieb gemäß § 23 EStG einzustufen.","Es liegt ein Gewerbebetrieb vor. Durch die aktive Gestaltung (Parzellierung, Erschließung) und den planmäßigen Abverkauf zahlreicher Parzellen in kurzem Zeitabstand tritt der Steuerpflichtige wie ein Händler auf. Dies überschreitet den Rahmen einer bloßen Umschichtung von geerbtem Privatvermögen und erfüllt die Merkmale der Nachhaltigkeit, Gewinnabsicht und Beteiligung am wirtschaftlichen Verkehr gemäß § 23 EStG.","§ 23 EStG 1988","4","1","3","4","4","1","[EStG § 23 Z 1] Einkünfte aus Gewerbebetrieb sind Einkünfte aus einer selbständigen, nachhaltigen Betätigung, die mit Gewinnabsicht unternommen wird und sich als Beteiligung am allgemeinen wirtschaftlichen Verkehr darstellt, wenn die Betätigung weder als Land- und Forstwirtschaft noch als selbständige Arbeit anzusehen ist.","Das Ergebnis Gewerbebetrieb stimmt und die tatsächlichen Umstände werden gut erkannt. Der Normbezug ist aber falsch, weil die Einordnung über UStG-Vorschriften statt über § 23 EStG begründet wird."
"55","b773f2e6109a51ed","""Ein Reisebüro besorgt eine Stadtführung für eine Reisegruppe. Welcher Steuersatz gilt für die Weiterverrechnung?""","Der Steuersatz für die Weiterverrechnung hängt von der Art und Weise der Verpflichtung ab. Für eine Stadtführung ist oft ein Steuerzahlungspflicht im Rahmen des Reisebudgets festgelegt. Die genauen Angaben sind nicht in den Fragen angegeben. Falls weitere Details vorhanden sind, können Sie diese hinzufügen.","""Derselbe wie für die Stadtführung selbst. Laut § 3a Abs. 4 UStG werden auf die Besorgungsleistung die Regeln der besorgten Leistung angewandt.""","§ 3a Abs. 4 UStG 1994","1","0","1","1","3","0","[UStG § 3a Abs. 4] Besorgt ein Unternehmer eine sonstige Leistung, so sind die für die besorgte Leistung geltenden Rechtsvorschriften auf die Besorgungsleistung entsprechend anzuwenden.","Die Antwort bleibt allgemein und unsicher. Sie erkennt die Besorgungsleistung nicht und sagt nicht, dass auf die Weiterverrechnung die Regeln der Stadtführung selbst anzuwenden sind."
"56","b77825df87b28f25","Welchen steuerlichen Vorteil bietet die Unternehmensgruppe gegenüber der isolierten Besteuerung?","Die unternehmerische Gruppenentwicklung ermöglicht es den einzelnen Unternehmen, ihre
Unternehmensteuern zu vereinzeln. Die Vereinfachungs- bzw. Vermeidungenseistruktur ist in einer
unternehmerischen Entwicklungsphase sehr wichtig (z.B.: Kostenvorbehalte). Mit dem Einzug des
Kontrollvertrags kann diese Entwicklung weiter gefördert werden oder auch verhindet sein,
denn das Kontrolleurgebnis wird von allen Mitgliedseinrichtungen gemeinsam betrachtet – sofern sich
die Ergebnisse nicht unterscheiden lassen: Eine Unterschiedsbildung führt zur Einnahmenabnahme","Das Ergebnis der Gruppenmitglieder wird dem Gruppenträger zugerechnet, sodass Verluste eines Mitglieds mit Gewinnen eines anderen verrechnet werden können (§ 9 Abs. 1 KStG).","§ 9 Abs. 1 KStG 1988","1","0","1","1","1","0","[KStG § 9 Abs. 1] Bei finanziell verbundenen Körperschaften kann eine Unternehmensgruppe gebildet werden; die steuerlich maßgebenden Ergebnisse der Gruppenmitglieder werden beim Gruppenträger zusammengeführt, wodurch insbesondere Gewinne und Verluste innerhalb der Gruppe verrechnet werden können.","Die Antwort ist sprachlich kaum brauchbar und erklärt den Vorteil der Gruppenbesteuerung nicht. Die Verlustverrechnung über die Zurechnung zum Gruppenträger fehlt."
"57","b7962ce8a13a0a0f","""Frau Becker mietet einen PKW für 25 Tage in München. Handelt es sich um eine kurzfristige Vermietung?""","Ob es sich bei der Anmietung eines PKW für 25 Tage um eine kurzfristige Vermietung handelt, hängt von der Definition des Begriffs ""kurzfristig"" im jeweiligen rechtlichen oder vertraglichen Kontext ab.

Im allgemeinen Sprachgebrauch und in vielen mietrechtlichen Zusammenhängen wird eine kurzfristige Vermietung oft als eine Vermietung verstanden, die nur für wenige Tage bis maximal einige Wochen erfolgt. Eine Dauer von 25 Tagen (also knapp 4 Wochen) liegt an der oberen Grenze oder sogar darüber hinaus.

**Im konkreten Fall:**

- **25 Tage** sind fast 4 Wochen.
- Viele Autovermietungen betrachten Vermietungen bis zu 1 Woche oder 10 Tagen als kurzfristig.
- Vermietungen über mehrere Wochen werden häufig als mittelfristig oder langfristig eingestuft.

**Fazit:**  
Eine Anmietung von 25 Tagen in München wird in der Regel **nicht mehr als kurzfristige Vermietung** angesehen, sondern eher als mittelfristige Vermietung.

Falls es um eine rechtliche oder steuerliche Einordnung geht, sollte die genaue Definition im jeweiligen Gesetz, Vertrag oder der Richtlinie geprüft werden.","""Ja, weil die kurzfristige Vermietung bei allen Beförderungsmitteln (außer Wasserfahrzeugen) nicht mehr als 30 Tage beträgt.""","§ 3a Abs. 12 UStG 1994","1","0","1","2","4","0","[UStG § 3a Abs. 12] Als kurzfristig gilt die Vermietung eines Beförderungsmittels während eines ununterbrochenen Zeitraums von nicht mehr als 30 Tagen, bei Wasserfahrzeugen von nicht mehr als 90 Tagen.","Das Ergebnis ist falsch. Die Antwort beurteilt die 25 Tage nach Alltagsverständnis, statt die klare 30-Tage-Grenze für kurzfristige Vermietung von Beförderungsmitteln anzuwenden."
"58","b79ea01bfe0e9a18","„Eine Wiener Marketingagentur erstellt eine Online-Kampagne für eine Privatperson mit Wohnsitz in Kanada. Wo ist der Ort der sonstigen Leistung?“","Der Ort der sonstigen Leistung bei der Erstellung einer Online-Kampagne durch eine Wiener Marketingagentur für eine Privatperson mit Wohnsitz in Kanada bestimmt sich nach § 3a Abs. 3 UStG 1994.

Gemäß § 3a Abs. 3 UStG 1994 gilt bei Leistungen an Nichtunternehmer (Privatpersonen) der Ort, an dem der leistende Unternehmer sein Unternehmen betreibt, als Leistungsort. Da die Leistung an eine Privatperson in Kanada erbracht wird, ist der Leistungsort in Österreich, konkret Wien, wo die Marketingagentur ihren Sitz hat.

Somit ist der Ort der sonstigen Leistung Wien (§ 3a Abs. 3 UStG 1994).","„In Kanada. Werbeleistungen an Nichtunternehmer im Drittland gelten gemäß § 3a Abs. 14 UStG an dem Ort als ausgeführt, an dem der Empfänger seinen Wohnsitz, Sitz oder gewöhnliche Aufenthalt hat.“","§ 3a Abs. 14 Z 2 UStG 1994","1","1","1","3","4","1","[UStG § 3a Abs. 14 Z 2] Werbeleistungen an Nichtunternehmer im Drittlandsgebiet gelten an dem Ort als ausgeführt, an dem der Empfänger seinen Wohnsitz, Sitz oder gewöhnlichen Aufenthalt hat.","Die Antwort wendet die allgemeine B2C-Regel an und kommt dadurch zum falschen Ort Wien. Für Werbeleistungen an Nichtunternehmer im Drittland gilt aber der Empfängerort Kanada."
"59","b836f7c48aed64e6","Ein österreichischer Arbeitnehmer geht in Pension und erhält Zahlungen aus einer inländischen Pensionskasse. Sind diese voll steuerpflichtig?","Die Pensionszahlen sind nur dann voll steuerpflichtig, wenn sie aus einer österreichischen Pensionskasse bezogen werden.","Nein. Nur jener Teil der Pensionszahlungen, der auf eigene Beitragszahlungen des Arbeitnehmers (bzw. eines wesentlich Beteiligten oder eines Arbeitgebers für sich selbst) entfällt, wird mit 25 % besteuert. Der restliche, vom Arbeitgeber finanzierte Teil ist voll steuerpflichtig.","§ 25 Abs. 1 Z 2 lit. a EStG 1988","1","1","1","1","3","1","[EStG § 25 Abs. 1 Z 2 lit. a] Bezüge und Vorteile aus Pensionskassen zählen zu den Einkünften aus nichtselbständiger Arbeit; soweit sie auf eigenen Arbeitnehmerbeiträgen beruhen, ist der entsprechende Teil nur mit 25 % zu erfassen, der übrige Teil ist voll steuerpflichtig.","Die Antwort erfindet als Kriterium den Bezug aus einer österreichischen Pensionskasse. Entscheidend ist aber die Aufteilung zwischen eigenen Beiträgen und Arbeitgeberanteilen."
"60","b8eaf09291f316bf","""Touristen aus Österreich kaufen bei einer Buchmesse in Paris, Frankreich Bücher im Wert von 70 Euro. Wo ist die Leistung steuerpflichtig?""","""Die Leistung ist für die Schweiz steuerpflichtig."" Der Beschwerdeführer hat sich mit dem RIS-Konzept nicht auseinandergesetzt. Er hat sich an die Rechtslage gehalten, wie sie sich nach der Praxis des Bundesgerichts (BGE 129 II 365 E. 4 S. 370 f.) ergibt. Das Bundesamt für Steuern hat die Frage auf","""In Frankreich. Es handelt sich um eine B2C-Lieferung von Waren / Verkauf von Büchern. Gemäß § 3 Abs. 1 UStG 1994 sind Lieferungen Leistungen, durch die ein Unternehmer den Abnehmer oder in dessen Auftrag einen Dritten befähigt, im eigenen Namen über einen Gegenstand zu verfügen. Die Verfügungsmacht über den Gegenstand kann von dem Unternehmer selbst oder in dessen Auftrag durch einen Dritten verschafft werden.""","§ 3 Abs. 1 UStG 1994","0","0","0","1","2","1","[UStG § 3 Abs. 1] Lieferungen sind Leistungen, durch die ein Unternehmer den Abnehmer oder in dessen Auftrag einen Dritten befähigt, im eigenen Namen über einen Gegenstand zu verfügen. Die Verfügungsmacht kann vom Unternehmer selbst oder in seinem Auftrag verschafft werden.","Die Antwort ist vollständig falsch und themenfremd. Sie nennt die Schweiz und verweist auf Schweizer Recht, obwohl es um eine B2C-Lieferung von Büchern in Frankreich geht."
